m,TagName,Count
7/1/2008 0:00,c#,3
8/1/2008 0:00,assembly,7
8/1/2008 0:00,c,78
8/1/2008 0:00,c#,492
8/1/2008 0:00,c++,157
8/1/2008 0:00,delphi,11
8/1/2008 0:00,java,214
8/1/2008 0:00,javascript,158
8/1/2008 0:00,perl,26
8/1/2008 0:00,php,154
8/1/2008 0:00,python,116
8/1/2008 0:00,ruby,66
9/1/2008 0:00,assembly,26
9/1/2008 0:00,c,292
9/1/2008 0:00,c#,1525
9/1/2008 0:00,c++,699
9/1/2008 0:00,delphi,93
9/1/2008 0:00,java,1032
9/1/2008 0:00,javascript,579
9/1/2008 0:00,perl,120
9/1/2008 0:00,php,411
9/1/2008 0:00,python,507
9/1/2008 0:00,r,3
9/1/2008 0:00,ruby,274
10/1/2008 0:00,assembly,15
10/1/2008 0:00,c,267
10/1/2008 0:00,c#,1816
10/1/2008 0:00,c++,743
10/1/2008 0:00,delphi,101
10/1/2008 0:00,java,1053
10/1/2008 0:00,javascript,661
10/1/2008 0:00,perl,109
10/1/2008 0:00,php,513
10/1/2008 0:00,python,480
10/1/2008 0:00,ruby,234
11/1/2008 0:00,assembly,13
11/1/2008 0:00,c,221
11/1/2008 0:00,c#,1510
11/1/2008 0:00,c++,658
11/1/2008 0:00,delphi,129
11/1/2008 0:00,java,856
11/1/2008 0:00,javascript,488
11/1/2008 0:00,perl,79
11/1/2008 0:00,php,417
11/1/2008 0:00,python,417
11/1/2008 0:00,r,1
11/1/2008 0:00,ruby,143
12/1/2008 0:00,assembly,17
12/1/2008 0:00,c,154
12/1/2008 0:00,c#,1415
12/1/2008 0:00,c++,553
12/1/2008 0:00,delphi,112
12/1/2008 0:00,java,707
12/1/2008 0:00,javascript,544
12/1/2008 0:00,perl,121
12/1/2008 0:00,php,403
12/1/2008 0:00,python,408
12/1/2008 0:00,r,1
12/1/2008 0:00,ruby,145
1/1/2009 0:00,assembly,19
1/1/2009 0:00,c,271
1/1/2009 0:00,c#,2070
1/1/2009 0:00,c++,745
1/1/2009 0:00,delphi,141
1/1/2009 0:00,java,1001
1/1/2009 0:00,javascript,690
1/1/2009 0:00,perl,134
1/1/2009 0:00,php,504
1/1/2009 0:00,python,577
1/1/2009 0:00,r,8
1/1/2009 0:00,ruby,190
1/1/2009 0:00,swift,1
2/1/2009 0:00,assembly,31
2/1/2009 0:00,c,284
2/1/2009 0:00,c#,2301
2/1/2009 0:00,c++,719
2/1/2009 0:00,delphi,152
2/1/2009 0:00,java,1019
2/1/2009 0:00,javascript,821
2/1/2009 0:00,perl,150
2/1/2009 0:00,php,618
2/1/2009 0:00,python,542
2/1/2009 0:00,r,8
2/1/2009 0:00,ruby,249
2/1/2009 0:00,swift,1
3/1/2009 0:00,assembly,20
3/1/2009 0:00,c,363
3/1/2009 0:00,c#,2749
3/1/2009 0:00,c++,896
3/1/2009 0:00,delphi,141
3/1/2009 0:00,java,1220
3/1/2009 0:00,javascript,869
3/1/2009 0:00,perl,114
3/1/2009 0:00,php,741
3/1/2009 0:00,python,691
3/1/2009 0:00,r,4
3/1/2009 0:00,ruby,282
3/1/2009 0:00,swift,1
4/1/2009 0:00,assembly,44
4/1/2009 0:00,c,385
4/1/2009 0:00,c#,2849
4/1/2009 0:00,c++,880
4/1/2009 0:00,delphi,168
4/1/2009 0:00,java,1308
4/1/2009 0:00,javascript,886
4/1/2009 0:00,perl,143
4/1/2009 0:00,php,811
4/1/2009 0:00,python,679
4/1/2009 0:00,r,11
4/1/2009 0:00,ruby,310
5/1/2009 0:00,assembly,37
5/1/2009 0:00,c,404
5/1/2009 0:00,c#,3080
5/1/2009 0:00,c++,1004
5/1/2009 0:00,delphi,182
5/1/2009 0:00,java,1570
5/1/2009 0:00,javascript,1229
5/1/2009 0:00,perl,169
5/1/2009 0:00,php,987
5/1/2009 0:00,python,886
5/1/2009 0:00,r,2
5/1/2009 0:00,ruby,347
5/1/2009 0:00,swift,2
6/1/2009 0:00,assembly,37
6/1/2009 0:00,c,407
6/1/2009 0:00,c#,3347
6/1/2009 0:00,c++,1053
6/1/2009 0:00,delphi,201
6/1/2009 0:00,java,1801
6/1/2009 0:00,javascript,1310
6/1/2009 0:00,perl,213
6/1/2009 0:00,php,1312
6/1/2009 0:00,python,906
6/1/2009 0:00,r,4
6/1/2009 0:00,ruby,387
7/1/2009 0:00,assembly,27
7/1/2009 0:00,c,430
7/1/2009 0:00,c#,3885
7/1/2009 0:00,c++,1247
7/1/2009 0:00,delphi,244
7/1/2009 0:00,java,1945
7/1/2009 0:00,javascript,1500
7/1/2009 0:00,perl,222
7/1/2009 0:00,php,1695
7/1/2009 0:00,python,1023
7/1/2009 0:00,r,46
7/1/2009 0:00,ruby,439
8/1/2009 0:00,assembly,40
8/1/2009 0:00,c,456
8/1/2009 0:00,c#,3924
8/1/2009 0:00,c++,1231
8/1/2009 0:00,delphi,217
8/1/2009 0:00,java,1891
8/1/2009 0:00,javascript,1601
8/1/2009 0:00,perl,221
8/1/2009 0:00,php,1777
8/1/2009 0:00,python,999
8/1/2009 0:00,r,45
8/1/2009 0:00,ruby,445
9/1/2009 0:00,assembly,52
9/1/2009 0:00,c,514
9/1/2009 0:00,c#,3879
9/1/2009 0:00,c++,1301
9/1/2009 0:00,delphi,233
9/1/2009 0:00,java,2034
9/1/2009 0:00,javascript,1521
9/1/2009 0:00,perl,228
9/1/2009 0:00,php,1967
9/1/2009 0:00,python,1041
9/1/2009 0:00,r,123
9/1/2009 0:00,ruby,444
9/1/2009 0:00,swift,3
10/1/2009 0:00,assembly,62
10/1/2009 0:00,c,698
10/1/2009 0:00,c#,4437
10/1/2009 0:00,c++,1580
10/1/2009 0:00,delphi,245
10/1/2009 0:00,java,2341
10/1/2009 0:00,javascript,1905
10/1/2009 0:00,perl,271
10/1/2009 0:00,php,2175
10/1/2009 0:00,python,1349
10/1/2009 0:00,r,68
10/1/2009 0:00,ruby,458
10/1/2009 0:00,swift,1
11/1/2009 0:00,assembly,79
11/1/2009 0:00,c,909
11/1/2009 0:00,c#,4506
11/1/2009 0:00,c++,1675
11/1/2009 0:00,delphi,266
11/1/2009 0:00,go,60
11/1/2009 0:00,java,2670
11/1/2009 0:00,javascript,2137
11/1/2009 0:00,perl,320
11/1/2009 0:00,php,2526
11/1/2009 0:00,python,1513
11/1/2009 0:00,r,91
11/1/2009 0:00,ruby,640
11/1/2009 0:00,swift,3
12/1/2009 0:00,assembly,60
12/1/2009 0:00,c,810
12/1/2009 0:00,c#,4335
12/1/2009 0:00,c++,1593
12/1/2009 0:00,delphi,277
12/1/2009 0:00,go,11
12/1/2009 0:00,java,2590
12/1/2009 0:00,javascript,2248
12/1/2009 0:00,perl,260
12/1/2009 0:00,php,2721
12/1/2009 0:00,python,1543
12/1/2009 0:00,r,79
12/1/2009 0:00,ruby,559
12/1/2009 0:00,swift,1
1/1/2010 0:00,assembly,92
1/1/2010 0:00,c,954
1/1/2010 0:00,c#,4955
1/1/2010 0:00,c++,1918
1/1/2010 0:00,delphi,294
1/1/2010 0:00,go,14
1/1/2010 0:00,java,3619
1/1/2010 0:00,javascript,2565
1/1/2010 0:00,perl,299
1/1/2010 0:00,php,3318
1/1/2010 0:00,python,1882
1/1/2010 0:00,r,94
1/1/2010 0:00,ruby,673
2/1/2010 0:00,assembly,66
2/1/2010 0:00,c,995
2/1/2010 0:00,c#,4957
2/1/2010 0:00,c++,2207
2/1/2010 0:00,delphi,279
2/1/2010 0:00,go,7
2/1/2010 0:00,java,3461
2/1/2010 0:00,javascript,2564
2/1/2010 0:00,perl,342
2/1/2010 0:00,php,3006
2/1/2010 0:00,python,1822
2/1/2010 0:00,r,121
2/1/2010 0:00,ruby,675
2/1/2010 0:00,swift,2
3/1/2010 0:00,assembly,121
3/1/2010 0:00,c,1089
3/1/2010 0:00,c#,5894
3/1/2010 0:00,c++,2363
3/1/2010 0:00,delphi,308
3/1/2010 0:00,go,8
3/1/2010 0:00,java,4354
3/1/2010 0:00,javascript,2929
3/1/2010 0:00,perl,382
3/1/2010 0:00,php,3627
3/1/2010 0:00,python,2017
3/1/2010 0:00,r,137
3/1/2010 0:00,ruby,678
3/1/2010 0:00,swift,1
4/1/2010 0:00,assembly,124
4/1/2010 0:00,c,1167
4/1/2010 0:00,c#,5662
4/1/2010 0:00,c++,2431
4/1/2010 0:00,delphi,269
4/1/2010 0:00,go,10
4/1/2010 0:00,java,3799
4/1/2010 0:00,javascript,2962
4/1/2010 0:00,perl,359
4/1/2010 0:00,php,3552
4/1/2010 0:00,python,1741
4/1/2010 0:00,r,158
4/1/2010 0:00,ruby,742
4/1/2010 0:00,swift,2
5/1/2010 0:00,assembly,107
5/1/2010 0:00,c,1139
5/1/2010 0:00,c#,5796
5/1/2010 0:00,c++,2357
5/1/2010 0:00,delphi,279
5/1/2010 0:00,go,17
5/1/2010 0:00,java,4049
5/1/2010 0:00,javascript,3169
5/1/2010 0:00,perl,280
5/1/2010 0:00,php,3868
5/1/2010 0:00,python,1980
5/1/2010 0:00,r,139
5/1/2010 0:00,ruby,768
5/1/2010 0:00,swift,1
6/1/2010 0:00,assembly,89
6/1/2010 0:00,c,1125
6/1/2010 0:00,c#,6046
6/1/2010 0:00,c++,2754
6/1/2010 0:00,delphi,329
6/1/2010 0:00,go,15
6/1/2010 0:00,java,4155
6/1/2010 0:00,javascript,3412
6/1/2010 0:00,perl,404
6/1/2010 0:00,php,3974
6/1/2010 0:00,python,2162
6/1/2010 0:00,r,176
6/1/2010 0:00,ruby,838
6/1/2010 0:00,swift,3
7/1/2010 0:00,assembly,94
7/1/2010 0:00,c,1213
7/1/2010 0:00,c#,6582
7/1/2010 0:00,c++,2556
7/1/2010 0:00,delphi,331
7/1/2010 0:00,go,7
7/1/2010 0:00,java,4412
7/1/2010 0:00,javascript,3820
7/1/2010 0:00,perl,423
7/1/2010 0:00,php,4492
7/1/2010 0:00,python,2534
7/1/2010 0:00,r,232
7/1/2010 0:00,ruby,897
7/1/2010 0:00,swift,1
8/1/2010 0:00,assembly,85
8/1/2010 0:00,c,1329
8/1/2010 0:00,c#,6843
8/1/2010 0:00,c++,2529
8/1/2010 0:00,delphi,349
8/1/2010 0:00,go,12
8/1/2010 0:00,java,4603
8/1/2010 0:00,javascript,3911
8/1/2010 0:00,perl,543
8/1/2010 0:00,php,5020
8/1/2010 0:00,python,2458
8/1/2010 0:00,r,281
8/1/2010 0:00,ruby,985
8/1/2010 0:00,swift,2
9/1/2010 0:00,assembly,116
9/1/2010 0:00,c,1298
9/1/2010 0:00,c#,6313
9/1/2010 0:00,c++,2671
9/1/2010 0:00,delphi,318
9/1/2010 0:00,go,9
9/1/2010 0:00,java,4610
9/1/2010 0:00,javascript,3940
9/1/2010 0:00,perl,456
9/1/2010 0:00,php,4593
9/1/2010 0:00,python,2204
9/1/2010 0:00,r,231
9/1/2010 0:00,ruby,929
9/1/2010 0:00,swift,2
10/1/2010 0:00,assembly,120
10/1/2010 0:00,c,1361
10/1/2010 0:00,c#,6600
10/1/2010 0:00,c++,2842
10/1/2010 0:00,delphi,360
10/1/2010 0:00,go,11
10/1/2010 0:00,java,4924
10/1/2010 0:00,javascript,4007
10/1/2010 0:00,perl,496
10/1/2010 0:00,php,4372
10/1/2010 0:00,python,2612
10/1/2010 0:00,r,213
10/1/2010 0:00,ruby,921
10/1/2010 0:00,swift,1
11/1/2010 0:00,assembly,159
11/1/2010 0:00,c,1615
11/1/2010 0:00,c#,7143
11/1/2010 0:00,c++,3225
11/1/2010 0:00,delphi,387
11/1/2010 0:00,go,16
11/1/2010 0:00,java,5446
11/1/2010 0:00,javascript,4439
11/1/2010 0:00,perl,459
11/1/2010 0:00,php,4939
11/1/2010 0:00,python,2535
11/1/2010 0:00,r,239
11/1/2010 0:00,ruby,918
11/1/2010 0:00,swift,1
12/1/2010 0:00,assembly,121
12/1/2010 0:00,c,1419
12/1/2010 0:00,c#,6942
12/1/2010 0:00,c++,3029
12/1/2010 0:00,delphi,318
12/1/2010 0:00,go,16
12/1/2010 0:00,java,5570
12/1/2010 0:00,javascript,4863
12/1/2010 0:00,perl,495
12/1/2010 0:00,php,5196
12/1/2010 0:00,python,2409
12/1/2010 0:00,r,222
12/1/2010 0:00,ruby,1015
12/1/2010 0:00,swift,2
1/1/2011 0:00,assembly,118
1/1/2011 0:00,c,1393
1/1/2011 0:00,c#,7770
1/1/2011 0:00,c++,3368
1/1/2011 0:00,delphi,357
1/1/2011 0:00,go,12
1/1/2011 0:00,java,6400
1/1/2011 0:00,javascript,5331
1/1/2011 0:00,perl,469
1/1/2011 0:00,php,6245
1/1/2011 0:00,python,2811
1/1/2011 0:00,r,245
1/1/2011 0:00,ruby,1182
1/1/2011 0:00,swift,4
2/1/2011 0:00,assembly,135
2/1/2011 0:00,c,1592
2/1/2011 0:00,c#,7999
2/1/2011 0:00,c++,3346
2/1/2011 0:00,delphi,351
2/1/2011 0:00,go,16
2/1/2011 0:00,java,6680
2/1/2011 0:00,javascript,5526
2/1/2011 0:00,perl,479
2/1/2011 0:00,php,6538
2/1/2011 0:00,python,2959
2/1/2011 0:00,r,318
2/1/2011 0:00,ruby,1232
2/1/2011 0:00,swift,5
3/1/2011 0:00,assembly,189
3/1/2011 0:00,c,2054
3/1/2011 0:00,c#,9748
3/1/2011 0:00,c++,4078
3/1/2011 0:00,delphi,507
3/1/2011 0:00,go,3
3/1/2011 0:00,java,8248
3/1/2011 0:00,javascript,6649
3/1/2011 0:00,perl,599
3/1/2011 0:00,php,7910
3/1/2011 0:00,python,3660
3/1/2011 0:00,r,416
3/1/2011 0:00,ruby,1620
3/1/2011 0:00,swift,3
4/1/2011 0:00,assembly,154
4/1/2011 0:00,c,1976
4/1/2011 0:00,c#,9086
4/1/2011 0:00,c++,4087
4/1/2011 0:00,delphi,391
4/1/2011 0:00,go,7
4/1/2011 0:00,java,7733
4/1/2011 0:00,javascript,6774
4/1/2011 0:00,perl,544
4/1/2011 0:00,php,7459
4/1/2011 0:00,python,3263
4/1/2011 0:00,r,473
4/1/2011 0:00,ruby,1461
4/1/2011 0:00,swift,3
5/1/2011 0:00,assembly,155
5/1/2011 0:00,c,1792
5/1/2011 0:00,c#,9819
5/1/2011 0:00,c++,3786
5/1/2011 0:00,delphi,448
5/1/2011 0:00,go,35
5/1/2011 0:00,java,8402
5/1/2011 0:00,javascript,7181
5/1/2011 0:00,perl,578
5/1/2011 0:00,php,7874
5/1/2011 0:00,python,3444
5/1/2011 0:00,r,421
5/1/2011 0:00,ruby,1548
5/1/2011 0:00,swift,1
6/1/2011 0:00,assembly,135
6/1/2011 0:00,c,1721
6/1/2011 0:00,c#,9560
6/1/2011 0:00,c++,3706
6/1/2011 0:00,delphi,432
6/1/2011 0:00,go,34
6/1/2011 0:00,java,7772
6/1/2011 0:00,javascript,7545
6/1/2011 0:00,perl,562
6/1/2011 0:00,php,7860
6/1/2011 0:00,python,3401
6/1/2011 0:00,r,440
6/1/2011 0:00,ruby,1532
6/1/2011 0:00,swift,4
7/1/2011 0:00,assembly,136
7/1/2011 0:00,c,1617
7/1/2011 0:00,c#,9363
7/1/2011 0:00,c++,3757
7/1/2011 0:00,delphi,421
7/1/2011 0:00,go,25
7/1/2011 0:00,java,7973
7/1/2011 0:00,javascript,7938
7/1/2011 0:00,perl,652
7/1/2011 0:00,php,8455
7/1/2011 0:00,python,3580
7/1/2011 0:00,r,450
7/1/2011 0:00,ruby,1568
7/1/2011 0:00,swift,12
8/1/2011 0:00,assembly,151
8/1/2011 0:00,c,1774
8/1/2011 0:00,c#,9831
8/1/2011 0:00,c++,3878
8/1/2011 0:00,delphi,401
8/1/2011 0:00,go,40
8/1/2011 0:00,java,8444
8/1/2011 0:00,javascript,8687
8/1/2011 0:00,perl,590
8/1/2011 0:00,php,8626
8/1/2011 0:00,python,3731
8/1/2011 0:00,r,584
8/1/2011 0:00,ruby,1830
8/1/2011 0:00,swift,7
9/1/2011 0:00,assembly,150
9/1/2011 0:00,c,1892
9/1/2011 0:00,c#,9082
9/1/2011 0:00,c++,3831
9/1/2011 0:00,delphi,407
9/1/2011 0:00,go,26
9/1/2011 0:00,java,8112
9/1/2011 0:00,javascript,7991
9/1/2011 0:00,perl,495
9/1/2011 0:00,php,7827
9/1/2011 0:00,python,3434
9/1/2011 0:00,r,610
9/1/2011 0:00,ruby,1531
9/1/2011 0:00,swift,5
10/1/2011 0:00,assembly,200
10/1/2011 0:00,c,2074
10/1/2011 0:00,c#,8981
10/1/2011 0:00,c++,4138
10/1/2011 0:00,delphi,460
10/1/2011 0:00,go,39
10/1/2011 0:00,java,8359
10/1/2011 0:00,javascript,7835
10/1/2011 0:00,perl,545
10/1/2011 0:00,php,7785
10/1/2011 0:00,python,3527
10/1/2011 0:00,r,609
10/1/2011 0:00,ruby,1585
10/1/2011 0:00,swift,6
11/1/2011 0:00,assembly,198
11/1/2011 0:00,c,2148
11/1/2011 0:00,c#,9639
11/1/2011 0:00,c++,4323
11/1/2011 0:00,delphi,490
11/1/2011 0:00,go,65
11/1/2011 0:00,java,9361
11/1/2011 0:00,javascript,8395
11/1/2011 0:00,perl,597
11/1/2011 0:00,php,8413
11/1/2011 0:00,python,3743
11/1/2011 0:00,r,602
11/1/2011 0:00,ruby,1700
11/1/2011 0:00,swift,4
12/1/2011 0:00,assembly,217
12/1/2011 0:00,c,1959
12/1/2011 0:00,c#,9073
12/1/2011 0:00,c++,4240
12/1/2011 0:00,delphi,547
12/1/2011 0:00,go,48
12/1/2011 0:00,java,8927
12/1/2011 0:00,javascript,8073
12/1/2011 0:00,perl,533
12/1/2011 0:00,php,8003
12/1/2011 0:00,python,3490
12/1/2011 0:00,r,609
12/1/2011 0:00,ruby,1645
12/1/2011 0:00,swift,2
1/1/2012 0:00,assembly,163
1/1/2012 0:00,c,2158
1/1/2012 0:00,c#,10130
1/1/2012 0:00,c++,4393
1/1/2012 0:00,delphi,495
1/1/2012 0:00,go,36
1/1/2012 0:00,java,9844
1/1/2012 0:00,javascript,9305
1/1/2012 0:00,perl,555
1/1/2012 0:00,php,8953
1/1/2012 0:00,python,4093
1/1/2012 0:00,r,687
1/1/2012 0:00,ruby,1862
1/1/2012 0:00,swift,6
2/1/2012 0:00,assembly,218
2/1/2012 0:00,c,2338
2/1/2012 0:00,c#,10496
2/1/2012 0:00,c++,4948
2/1/2012 0:00,delphi,450
2/1/2012 0:00,go,29
2/1/2012 0:00,java,10627
2/1/2012 0:00,javascript,9680
2/1/2012 0:00,perl,609
2/1/2012 0:00,php,9564
2/1/2012 0:00,python,4396
2/1/2012 0:00,r,806
2/1/2012 0:00,ruby,2001
2/1/2012 0:00,swift,9
3/1/2012 0:00,assembly,257
3/1/2012 0:00,c,2646
3/1/2012 0:00,c#,11252
3/1/2012 0:00,c++,5049
3/1/2012 0:00,delphi,473
3/1/2012 0:00,go,47
3/1/2012 0:00,java,12007
3/1/2012 0:00,javascript,10388
3/1/2012 0:00,perl,596
3/1/2012 0:00,php,10434
3/1/2012 0:00,python,4917
3/1/2012 0:00,r,880
3/1/2012 0:00,ruby,2144
3/1/2012 0:00,swift,4
4/1/2012 0:00,assembly,268
4/1/2012 0:00,c,2608
4/1/2012 0:00,c#,10739
4/1/2012 0:00,c++,5141
4/1/2012 0:00,delphi,466
4/1/2012 0:00,go,66
4/1/2012 0:00,java,11712
4/1/2012 0:00,javascript,10290
4/1/2012 0:00,perl,589
4/1/2012 0:00,php,9995
4/1/2012 0:00,python,4784
4/1/2012 0:00,r,819
4/1/2012 0:00,ruby,1912
4/1/2012 0:00,swift,4
5/1/2012 0:00,assembly,215
5/1/2012 0:00,c,2407
5/1/2012 0:00,c#,11200
5/1/2012 0:00,c++,4845
5/1/2012 0:00,delphi,457
5/1/2012 0:00,go,65
5/1/2012 0:00,java,11832
5/1/2012 0:00,javascript,11139
5/1/2012 0:00,perl,634
5/1/2012 0:00,php,10503
5/1/2012 0:00,python,4973
5/1/2012 0:00,r,863
5/1/2012 0:00,ruby,1925
5/1/2012 0:00,swift,7
6/1/2012 0:00,assembly,192
6/1/2012 0:00,c,2253
6/1/2012 0:00,c#,11007
6/1/2012 0:00,c++,4511
6/1/2012 0:00,delphi,408
6/1/2012 0:00,go,68
6/1/2012 0:00,java,10785
6/1/2012 0:00,javascript,10935
6/1/2012 0:00,perl,733
6/1/2012 0:00,php,10154
6/1/2012 0:00,python,5178
6/1/2012 0:00,r,955
6/1/2012 0:00,ruby,1845
6/1/2012 0:00,swift,4
7/1/2012 0:00,assembly,185
7/1/2012 0:00,c,2308
7/1/2012 0:00,c#,12031
7/1/2012 0:00,c++,5127
7/1/2012 0:00,delphi,418
7/1/2012 0:00,go,75
7/1/2012 0:00,java,11946
7/1/2012 0:00,javascript,11973
7/1/2012 0:00,perl,659
7/1/2012 0:00,php,11320
7/1/2012 0:00,python,5611
7/1/2012 0:00,r,1095
7/1/2012 0:00,ruby,2021
7/1/2012 0:00,swift,8
8/1/2012 0:00,assembly,180
8/1/2012 0:00,c,2250
8/1/2012 0:00,c#,11704
8/1/2012 0:00,c++,5021
8/1/2012 0:00,delphi,398
8/1/2012 0:00,go,71
8/1/2012 0:00,java,11987
8/1/2012 0:00,javascript,12040
8/1/2012 0:00,perl,754
8/1/2012 0:00,php,11547
8/1/2012 0:00,python,5738
8/1/2012 0:00,r,1061
8/1/2012 0:00,ruby,2025
8/1/2012 0:00,swift,5
9/1/2012 0:00,assembly,216
9/1/2012 0:00,c,2458
9/1/2012 0:00,c#,10996
9/1/2012 0:00,c++,4751
9/1/2012 0:00,delphi,377
9/1/2012 0:00,go,123
9/1/2012 0:00,java,11370
9/1/2012 0:00,javascript,10856
9/1/2012 0:00,perl,656
9/1/2012 0:00,php,10648
9/1/2012 0:00,python,5145
9/1/2012 0:00,r,1043
9/1/2012 0:00,ruby,1912
9/1/2012 0:00,swift,7
10/1/2012 0:00,assembly,308
10/1/2012 0:00,c,3069
10/1/2012 0:00,c#,12399
10/1/2012 0:00,c++,5777
10/1/2012 0:00,delphi,469
10/1/2012 0:00,go,97
10/1/2012 0:00,java,13141
10/1/2012 0:00,javascript,12069
10/1/2012 0:00,perl,668
10/1/2012 0:00,php,11445
10/1/2012 0:00,python,5990
10/1/2012 0:00,r,1256
10/1/2012 0:00,ruby,2217
10/1/2012 0:00,swift,4
11/1/2012 0:00,assembly,297
11/1/2012 0:00,c,3102
11/1/2012 0:00,c#,11976
11/1/2012 0:00,c++,6099
11/1/2012 0:00,delphi,407
11/1/2012 0:00,go,101
11/1/2012 0:00,java,13219
11/1/2012 0:00,javascript,12019
11/1/2012 0:00,perl,625
11/1/2012 0:00,php,11483
11/1/2012 0:00,python,6254
11/1/2012 0:00,r,1319
11/1/2012 0:00,ruby,2106
11/1/2012 0:00,swift,4
12/1/2012 0:00,assembly,254
12/1/2012 0:00,c,2487
12/1/2012 0:00,c#,10732
12/1/2012 0:00,c++,5547
12/1/2012 0:00,delphi,414
12/1/2012 0:00,go,108
12/1/2012 0:00,java,12101
12/1/2012 0:00,javascript,11469
12/1/2012 0:00,perl,539
12/1/2012 0:00,php,10719
12/1/2012 0:00,python,5598
12/1/2012 0:00,r,1195
12/1/2012 0:00,ruby,1883
12/1/2012 0:00,swift,4
1/1/2013 0:00,assembly,281
1/1/2013 0:00,c,2830
1/1/2013 0:00,c#,12489
1/1/2013 0:00,c++,5869
1/1/2013 0:00,delphi,460
1/1/2013 0:00,go,98
1/1/2013 0:00,java,13430
1/1/2013 0:00,javascript,13409
1/1/2013 0:00,perl,645
1/1/2013 0:00,php,12485
1/1/2013 0:00,python,6382
1/1/2013 0:00,r,1487
1/1/2013 0:00,ruby,2256
1/1/2013 0:00,swift,5
2/1/2013 0:00,assembly,315
2/1/2013 0:00,c,3015
2/1/2013 0:00,c#,12229
2/1/2013 0:00,c++,5900
2/1/2013 0:00,delphi,427
2/1/2013 0:00,go,108
2/1/2013 0:00,java,13294
2/1/2013 0:00,javascript,13196
2/1/2013 0:00,perl,729
2/1/2013 0:00,php,12092
2/1/2013 0:00,python,6558
2/1/2013 0:00,r,1618
2/1/2013 0:00,ruby,2150
2/1/2013 0:00,swift,6
3/1/2013 0:00,assembly,360
3/1/2013 0:00,c,3325
3/1/2013 0:00,c#,13932
3/1/2013 0:00,c++,6946
3/1/2013 0:00,delphi,495
3/1/2013 0:00,go,121
3/1/2013 0:00,java,15498
3/1/2013 0:00,javascript,14801
3/1/2013 0:00,perl,823
3/1/2013 0:00,php,13657
3/1/2013 0:00,python,7410
3/1/2013 0:00,r,1789
3/1/2013 0:00,ruby,2507
3/1/2013 0:00,swift,4
4/1/2013 0:00,assembly,321
4/1/2013 0:00,c,3412
4/1/2013 0:00,c#,13600
4/1/2013 0:00,c++,6913
4/1/2013 0:00,delphi,495
4/1/2013 0:00,go,123
4/1/2013 0:00,java,15766
4/1/2013 0:00,javascript,14865
4/1/2013 0:00,perl,812
4/1/2013 0:00,php,12990
4/1/2013 0:00,python,7750
4/1/2013 0:00,r,1788
4/1/2013 0:00,ruby,2419
4/1/2013 0:00,swift,6
5/1/2013 0:00,assembly,295
5/1/2013 0:00,c,3100
5/1/2013 0:00,c#,13156
5/1/2013 0:00,c++,6623
5/1/2013 0:00,delphi,521
5/1/2013 0:00,go,137
5/1/2013 0:00,java,14843
5/1/2013 0:00,javascript,14657
5/1/2013 0:00,perl,878
5/1/2013 0:00,php,12737
5/1/2013 0:00,python,7653
5/1/2013 0:00,r,1748
5/1/2013 0:00,ruby,2288
5/1/2013 0:00,swift,2
6/1/2013 0:00,assembly,284
6/1/2013 0:00,c,2826
6/1/2013 0:00,c#,12486
6/1/2013 0:00,c++,6030
6/1/2013 0:00,delphi,469
6/1/2013 0:00,go,160
6/1/2013 0:00,java,13562
6/1/2013 0:00,javascript,14153
6/1/2013 0:00,perl,812
6/1/2013 0:00,php,12284
6/1/2013 0:00,python,7417
6/1/2013 0:00,r,1723
6/1/2013 0:00,ruby,2165
6/1/2013 0:00,swift,4
7/1/2013 0:00,assembly,292
7/1/2013 0:00,c,2936
7/1/2013 0:00,c#,13807
7/1/2013 0:00,c++,6424
7/1/2013 0:00,delphi,493
7/1/2013 0:00,go,192
7/1/2013 0:00,java,14702
7/1/2013 0:00,javascript,16341
7/1/2013 0:00,perl,942
7/1/2013 0:00,php,13918
7/1/2013 0:00,python,8375
7/1/2013 0:00,r,1909
7/1/2013 0:00,ruby,2387
7/1/2013 0:00,swift,7
8/1/2013 0:00,assembly,203
8/1/2013 0:00,c,2924
8/1/2013 0:00,c#,13532
8/1/2013 0:00,c++,6075
8/1/2013 0:00,delphi,434
8/1/2013 0:00,go,197
8/1/2013 0:00,java,14662
8/1/2013 0:00,javascript,16366
8/1/2013 0:00,perl,817
8/1/2013 0:00,php,13869
8/1/2013 0:00,python,7754
8/1/2013 0:00,r,1869
8/1/2013 0:00,ruby,2414
8/1/2013 0:00,swift,4
9/1/2013 0:00,assembly,277
9/1/2013 0:00,c,3293
9/1/2013 0:00,c#,13446
9/1/2013 0:00,c++,6365
9/1/2013 0:00,delphi,458
9/1/2013 0:00,go,226
9/1/2013 0:00,java,15816
9/1/2013 0:00,javascript,17127
9/1/2013 0:00,perl,658
9/1/2013 0:00,php,13857
9/1/2013 0:00,python,7804
9/1/2013 0:00,r,1681
9/1/2013 0:00,ruby,2345
9/1/2013 0:00,swift,9
10/1/2013 0:00,assembly,367
10/1/2013 0:00,c,4051
10/1/2013 0:00,c#,14868
10/1/2013 0:00,c++,7770
10/1/2013 0:00,delphi,506
10/1/2013 0:00,go,183
10/1/2013 0:00,java,18188
10/1/2013 0:00,javascript,19112
10/1/2013 0:00,perl,789
10/1/2013 0:00,php,14836
10/1/2013 0:00,python,9232
10/1/2013 0:00,r,2058
10/1/2013 0:00,ruby,2752
10/1/2013 0:00,swift,10
11/1/2013 0:00,assembly,409
11/1/2013 0:00,c,4126
11/1/2013 0:00,c#,14209
11/1/2013 0:00,c++,7908
11/1/2013 0:00,delphi,441
11/1/2013 0:00,go,182
11/1/2013 0:00,java,18181
11/1/2013 0:00,javascript,17992
11/1/2013 0:00,perl,808
11/1/2013 0:00,php,14379
11/1/2013 0:00,python,9279
11/1/2013 0:00,r,2148
11/1/2013 0:00,ruby,2539
11/1/2013 0:00,swift,5
12/1/2013 0:00,assembly,350
12/1/2013 0:00,c,3390
12/1/2013 0:00,c#,13325
12/1/2013 0:00,c++,6811
12/1/2013 0:00,delphi,443
12/1/2013 0:00,go,227
12/1/2013 0:00,java,16923
12/1/2013 0:00,javascript,17476
12/1/2013 0:00,perl,733
12/1/2013 0:00,php,13900
12/1/2013 0:00,python,8221
12/1/2013 0:00,r,1878
12/1/2013 0:00,ruby,2404
12/1/2013 0:00,swift,10
1/1/2014 0:00,assembly,334
1/1/2014 0:00,c,3590
1/1/2014 0:00,c#,14972
1/1/2014 0:00,c++,7499
1/1/2014 0:00,delphi,483
1/1/2014 0:00,go,283
1/1/2014 0:00,java,18191
1/1/2014 0:00,javascript,20436
1/1/2014 0:00,perl,787
1/1/2014 0:00,php,16218
1/1/2014 0:00,python,9625
1/1/2014 0:00,r,2308
1/1/2014 0:00,ruby,2702
1/1/2014 0:00,swift,6
2/1/2014 0:00,assembly,370
2/1/2014 0:00,c,3847
2/1/2014 0:00,c#,14779
2/1/2014 0:00,c++,7434
2/1/2014 0:00,delphi,470
2/1/2014 0:00,go,191
2/1/2014 0:00,java,18677
2/1/2014 0:00,javascript,20511
2/1/2014 0:00,perl,781
2/1/2014 0:00,php,15954
2/1/2014 0:00,python,9624
2/1/2014 0:00,r,2592
2/1/2014 0:00,ruby,2557
2/1/2014 0:00,swift,12
3/1/2014 0:00,assembly,443
3/1/2014 0:00,c,4366
3/1/2014 0:00,c#,15790
3/1/2014 0:00,c++,8368
3/1/2014 0:00,delphi,429
3/1/2014 0:00,go,245
3/1/2014 0:00,java,21285
3/1/2014 0:00,javascript,21851
3/1/2014 0:00,perl,893
3/1/2014 0:00,php,17725
3/1/2014 0:00,python,11100
3/1/2014 0:00,r,2757
3/1/2014 0:00,ruby,2874
3/1/2014 0:00,swift,5
4/1/2014 0:00,assembly,344
4/1/2014 0:00,c,3860
4/1/2014 0:00,c#,14895
4/1/2014 0:00,c++,7868
4/1/2014 0:00,delphi,383
4/1/2014 0:00,go,333
4/1/2014 0:00,java,20167
4/1/2014 0:00,javascript,20761
4/1/2014 0:00,perl,805
4/1/2014 0:00,php,16978
4/1/2014 0:00,python,10463
4/1/2014 0:00,r,2668
4/1/2014 0:00,ruby,2697
4/1/2014 0:00,swift,3
5/1/2014 0:00,assembly,316
5/1/2014 0:00,c,3166
5/1/2014 0:00,c#,13567
5/1/2014 0:00,c++,6524
5/1/2014 0:00,delphi,456
5/1/2014 0:00,go,271
5/1/2014 0:00,java,17447
5/1/2014 0:00,javascript,19129
5/1/2014 0:00,perl,783
5/1/2014 0:00,php,14266
5/1/2014 0:00,python,9013
5/1/2014 0:00,r,2548
5/1/2014 0:00,ruby,2617
5/1/2014 0:00,swift,9
6/1/2014 0:00,assembly,260
6/1/2014 0:00,c,2697
6/1/2014 0:00,c#,12237
6/1/2014 0:00,c++,5485
6/1/2014 0:00,delphi,404
6/1/2014 0:00,go,279
6/1/2014 0:00,java,15501
6/1/2014 0:00,javascript,17732
6/1/2014 0:00,perl,667
6/1/2014 0:00,php,12565
6/1/2014 0:00,python,8701
6/1/2014 0:00,r,2355
6/1/2014 0:00,ruby,2291
6/1/2014 0:00,swift,2354
7/1/2014 0:00,assembly,203
7/1/2014 0:00,c,2715
7/1/2014 0:00,c#,13423
7/1/2014 0:00,c++,6076
7/1/2014 0:00,delphi,425
7/1/2014 0:00,go,445
7/1/2014 0:00,java,16926
7/1/2014 0:00,javascript,19541
7/1/2014 0:00,perl,722
7/1/2014 0:00,php,13863
7/1/2014 0:00,python,9647
7/1/2014 0:00,r,2595
7/1/2014 0:00,ruby,2485
7/1/2014 0:00,swift,1609
8/1/2014 0:00,assembly,180
8/1/2014 0:00,c,2581
8/1/2014 0:00,c#,12245
8/1/2014 0:00,c++,5702
8/1/2014 0:00,delphi,409
8/1/2014 0:00,go,402
8/1/2014 0:00,java,15277
8/1/2014 0:00,javascript,17946
8/1/2014 0:00,perl,673
8/1/2014 0:00,php,12836
8/1/2014 0:00,python,8899
8/1/2014 0:00,r,2425
8/1/2014 0:00,ruby,2420
8/1/2014 0:00,swift,1666
9/1/2014 0:00,assembly,265
9/1/2014 0:00,c,3143
9/1/2014 0:00,c#,12054
9/1/2014 0:00,c++,5997
9/1/2014 0:00,delphi,436
9/1/2014 0:00,go,381
9/1/2014 0:00,java,16208
9/1/2014 0:00,javascript,17609
9/1/2014 0:00,perl,652
9/1/2014 0:00,php,12954
9/1/2014 0:00,python,8565
9/1/2014 0:00,r,2315
9/1/2014 0:00,ruby,2240
9/1/2014 0:00,swift,1869
10/1/2014 0:00,assembly,377
10/1/2014 0:00,c,3677
10/1/2014 0:00,c#,12249
10/1/2014 0:00,c++,6611
10/1/2014 0:00,delphi,405
10/1/2014 0:00,go,365
10/1/2014 0:00,java,17374
10/1/2014 0:00,javascript,18331
10/1/2014 0:00,perl,626
10/1/2014 0:00,php,13148
10/1/2014 0:00,python,9397
10/1/2014 0:00,r,2707
10/1/2014 0:00,ruby,2295
10/1/2014 0:00,swift,2415
11/1/2014 0:00,assembly,376
11/1/2014 0:00,c,3557
11/1/2014 0:00,c#,11588
11/1/2014 0:00,c++,6329
11/1/2014 0:00,delphi,414
11/1/2014 0:00,go,318
11/1/2014 0:00,java,17302
11/1/2014 0:00,javascript,17493
11/1/2014 0:00,perl,644
11/1/2014 0:00,php,12606
11/1/2014 0:00,python,9346
11/1/2014 0:00,r,2651
11/1/2014 0:00,ruby,2076
11/1/2014 0:00,swift,2499
12/1/2014 0:00,assembly,307
12/1/2014 0:00,c,3050
12/1/2014 0:00,c#,10802
12/1/2014 0:00,c++,5896
12/1/2014 0:00,delphi,304
12/1/2014 0:00,go,334
12/1/2014 0:00,java,15882
12/1/2014 0:00,javascript,16469
12/1/2014 0:00,perl,558
12/1/2014 0:00,php,11983
12/1/2014 0:00,python,8849
12/1/2014 0:00,r,2307
12/1/2014 0:00,ruby,2095
12/1/2014 0:00,swift,2442
1/1/2015 0:00,assembly,320
1/1/2015 0:00,c,3105
1/1/2015 0:00,c#,11500
1/1/2015 0:00,c++,5951
1/1/2015 0:00,delphi,374
1/1/2015 0:00,go,464
1/1/2015 0:00,java,16085
1/1/2015 0:00,javascript,17953
1/1/2015 0:00,perl,585
1/1/2015 0:00,php,13186
1/1/2015 0:00,python,9483
1/1/2015 0:00,r,2634
1/1/2015 0:00,ruby,2323
1/1/2015 0:00,swift,2965
2/1/2015 0:00,assembly,343
2/1/2015 0:00,c,3257
2/1/2015 0:00,c#,11561
2/1/2015 0:00,c++,6260
2/1/2015 0:00,delphi,409
2/1/2015 0:00,go,374
2/1/2015 0:00,java,16298
2/1/2015 0:00,javascript,18111
2/1/2015 0:00,perl,557
2/1/2015 0:00,php,13116
2/1/2015 0:00,python,9926
2/1/2015 0:00,r,2922
2/1/2015 0:00,ruby,2193
2/1/2015 0:00,swift,3158
3/1/2015 0:00,assembly,369
3/1/2015 0:00,c,3812
3/1/2015 0:00,c#,12972
3/1/2015 0:00,c++,7194
3/1/2015 0:00,delphi,407
3/1/2015 0:00,go,459
3/1/2015 0:00,java,19244
3/1/2015 0:00,javascript,19977
3/1/2015 0:00,perl,624
3/1/2015 0:00,php,14468
3/1/2015 0:00,python,11270
3/1/2015 0:00,r,3489
3/1/2015 0:00,ruby,2404
3/1/2015 0:00,swift,3521
4/1/2015 0:00,assembly,421
4/1/2015 0:00,c,3831
4/1/2015 0:00,c#,12819
4/1/2015 0:00,c++,6987
4/1/2015 0:00,delphi,385
4/1/2015 0:00,go,385
4/1/2015 0:00,java,19299
4/1/2015 0:00,javascript,20379
4/1/2015 0:00,perl,560
4/1/2015 0:00,php,14521
4/1/2015 0:00,python,11170
4/1/2015 0:00,r,3271
4/1/2015 0:00,ruby,2453
4/1/2015 0:00,swift,3933
5/1/2015 0:00,assembly,364
5/1/2015 0:00,c,3410
5/1/2015 0:00,c#,13054
5/1/2015 0:00,c++,6644
5/1/2015 0:00,delphi,399
5/1/2015 0:00,go,390
5/1/2015 0:00,java,18040
5/1/2015 0:00,javascript,21567
5/1/2015 0:00,perl,521
5/1/2015 0:00,php,14139
5/1/2015 0:00,python,10939
5/1/2015 0:00,r,3388
5/1/2015 0:00,ruby,2444
5/1/2015 0:00,swift,3689
6/1/2015 0:00,assembly,257
6/1/2015 0:00,c,3059
6/1/2015 0:00,c#,13219
6/1/2015 0:00,c++,6365
6/1/2015 0:00,delphi,383
6/1/2015 0:00,go,410
6/1/2015 0:00,java,17383
6/1/2015 0:00,javascript,22062
6/1/2015 0:00,perl,557
6/1/2015 0:00,php,13947
6/1/2015 0:00,python,11566
6/1/2015 0:00,r,3385
6/1/2015 0:00,ruby,2529
6/1/2015 0:00,swift,4232
7/1/2015 0:00,assembly,253
7/1/2015 0:00,c,2732
7/1/2015 0:00,c#,13793
7/1/2015 0:00,c++,6537
7/1/2015 0:00,delphi,383
7/1/2015 0:00,go,454
7/1/2015 0:00,java,18252
7/1/2015 0:00,javascript,23293
7/1/2015 0:00,perl,568
7/1/2015 0:00,php,14911
7/1/2015 0:00,python,12072
7/1/2015 0:00,r,3927
7/1/2015 0:00,ruby,2535
7/1/2015 0:00,swift,5034
8/1/2015 0:00,assembly,213
8/1/2015 0:00,c,2486
8/1/2015 0:00,c#,12943
8/1/2015 0:00,c++,5722
8/1/2015 0:00,delphi,381
8/1/2015 0:00,go,438
8/1/2015 0:00,java,16697
8/1/2015 0:00,javascript,21515
8/1/2015 0:00,perl,545
8/1/2015 0:00,php,13857
8/1/2015 0:00,python,10988
8/1/2015 0:00,r,3470
8/1/2015 0:00,ruby,2274
8/1/2015 0:00,swift,4974
9/1/2015 0:00,assembly,255
9/1/2015 0:00,c,2999
9/1/2015 0:00,c#,12627
9/1/2015 0:00,c++,5759
9/1/2015 0:00,delphi,354
9/1/2015 0:00,go,408
9/1/2015 0:00,java,16526
9/1/2015 0:00,javascript,20783
9/1/2015 0:00,perl,457
9/1/2015 0:00,php,13120
9/1/2015 0:00,python,10743
9/1/2015 0:00,r,3297
9/1/2015 0:00,ruby,2131
9/1/2015 0:00,swift,4431
10/1/2015 0:00,assembly,418
10/1/2015 0:00,c,3548
10/1/2015 0:00,c#,12512
10/1/2015 0:00,c++,6849
10/1/2015 0:00,delphi,418
10/1/2015 0:00,go,420
10/1/2015 0:00,java,18054
10/1/2015 0:00,javascript,21171
10/1/2015 0:00,perl,482
10/1/2015 0:00,php,13464
10/1/2015 0:00,python,12186
10/1/2015 0:00,r,3632
10/1/2015 0:00,ruby,2140
10/1/2015 0:00,swift,4175
11/1/2015 0:00,assembly,391
11/1/2015 0:00,c,3493
11/1/2015 0:00,c#,12050
11/1/2015 0:00,c++,6921
11/1/2015 0:00,delphi,385
11/1/2015 0:00,go,428
11/1/2015 0:00,java,17300
11/1/2015 0:00,javascript,20613
11/1/2015 0:00,perl,457
11/1/2015 0:00,php,12866
11/1/2015 0:00,python,12023
11/1/2015 0:00,r,3494
11/1/2015 0:00,ruby,1900
11/1/2015 0:00,swift,4208
12/1/2015 0:00,assembly,342
12/1/2015 0:00,c,2988
12/1/2015 0:00,c#,11769
12/1/2015 0:00,c++,6410
12/1/2015 0:00,delphi,313
12/1/2015 0:00,go,411
12/1/2015 0:00,java,16108
12/1/2015 0:00,javascript,20462
12/1/2015 0:00,perl,474
12/1/2015 0:00,php,13303
12/1/2015 0:00,python,11335
12/1/2015 0:00,r,3136
12/1/2015 0:00,ruby,1985
12/1/2015 0:00,swift,4244
1/1/2016 0:00,assembly,237
1/1/2016 0:00,c,2978
1/1/2016 0:00,c#,12052
1/1/2016 0:00,c++,5946
1/1/2016 0:00,delphi,315
1/1/2016 0:00,go,489
1/1/2016 0:00,java,16170
1/1/2016 0:00,javascript,21873
1/1/2016 0:00,perl,439
1/1/2016 0:00,php,14072
1/1/2016 0:00,python,12093
1/1/2016 0:00,r,3493
1/1/2016 0:00,ruby,2112
1/1/2016 0:00,swift,4674
2/1/2016 0:00,assembly,344
2/1/2016 0:00,c,3191
2/1/2016 0:00,c#,12431
2/1/2016 0:00,c++,6414
2/1/2016 0:00,delphi,351
2/1/2016 0:00,go,528
2/1/2016 0:00,java,17424
2/1/2016 0:00,javascript,21833
2/1/2016 0:00,perl,487
2/1/2016 0:00,php,14436
2/1/2016 0:00,python,12954
2/1/2016 0:00,r,3525
2/1/2016 0:00,ruby,2180
2/1/2016 0:00,swift,4629
3/1/2016 0:00,assembly,424
3/1/2016 0:00,c,3336
3/1/2016 0:00,c#,13214
3/1/2016 0:00,c++,6850
3/1/2016 0:00,delphi,330
3/1/2016 0:00,go,583
3/1/2016 0:00,java,19296
3/1/2016 0:00,javascript,23406
3/1/2016 0:00,perl,463
3/1/2016 0:00,php,14627
3/1/2016 0:00,python,13720
3/1/2016 0:00,r,3980
3/1/2016 0:00,ruby,2210
3/1/2016 0:00,swift,4944
4/1/2016 0:00,assembly,398
4/1/2016 0:00,c,3254
4/1/2016 0:00,c#,13383
4/1/2016 0:00,c++,6740
4/1/2016 0:00,delphi,323
4/1/2016 0:00,go,583
4/1/2016 0:00,java,18919
4/1/2016 0:00,javascript,22805
4/1/2016 0:00,perl,484
4/1/2016 0:00,php,13967
4/1/2016 0:00,python,13327
4/1/2016 0:00,r,4063
4/1/2016 0:00,ruby,2151
4/1/2016 0:00,swift,4620
5/1/2016 0:00,assembly,316
5/1/2016 0:00,c,2627
5/1/2016 0:00,c#,13135
5/1/2016 0:00,c++,5979
5/1/2016 0:00,delphi,329
5/1/2016 0:00,go,572
5/1/2016 0:00,java,16515
5/1/2016 0:00,javascript,22262
5/1/2016 0:00,perl,480
5/1/2016 0:00,php,13958
5/1/2016 0:00,python,12837
5/1/2016 0:00,r,3749
5/1/2016 0:00,ruby,2086
5/1/2016 0:00,swift,4302
6/1/2016 0:00,assembly,274
6/1/2016 0:00,c,2231
6/1/2016 0:00,c#,12760
6/1/2016 0:00,c++,5569
6/1/2016 0:00,delphi,275
6/1/2016 0:00,go,537
6/1/2016 0:00,java,15532
6/1/2016 0:00,javascript,21525
6/1/2016 0:00,perl,428
6/1/2016 0:00,php,13185
6/1/2016 0:00,python,12624
6/1/2016 0:00,r,3805
6/1/2016 0:00,ruby,2053
6/1/2016 0:00,swift,4646
7/1/2016 0:00,assembly,196
7/1/2016 0:00,c,2286
7/1/2016 0:00,c#,11711
7/1/2016 0:00,c++,5340
7/1/2016 0:00,delphi,232
7/1/2016 0:00,go,523
7/1/2016 0:00,java,14561
7/1/2016 0:00,javascript,21570
7/1/2016 0:00,perl,405
7/1/2016 0:00,php,12532
7/1/2016 0:00,python,12584
7/1/2016 0:00,r,3683
7/1/2016 0:00,ruby,1851
7/1/2016 0:00,swift,4777
8/1/2016 0:00,assembly,246
8/1/2016 0:00,c,2145
8/1/2016 0:00,c#,12362
8/1/2016 0:00,c++,4903
8/1/2016 0:00,delphi,326
8/1/2016 0:00,go,563
8/1/2016 0:00,java,14794
8/1/2016 0:00,javascript,22096
8/1/2016 0:00,perl,458
8/1/2016 0:00,php,12551
8/1/2016 0:00,python,12637
8/1/2016 0:00,r,3734
8/1/2016 0:00,ruby,1835
8/1/2016 0:00,swift,4763
9/1/2016 0:00,assembly,306
9/1/2016 0:00,c,2439
9/1/2016 0:00,c#,10833
9/1/2016 0:00,c++,5022
9/1/2016 0:00,delphi,279
9/1/2016 0:00,go,502
9/1/2016 0:00,java,14255
9/1/2016 0:00,javascript,19806
9/1/2016 0:00,perl,451
9/1/2016 0:00,php,11747
9/1/2016 0:00,python,12086
9/1/2016 0:00,r,3266
9/1/2016 0:00,ruby,1872
9/1/2016 0:00,swift,4744
10/1/2016 0:00,assembly,383
10/1/2016 0:00,c,3108
10/1/2016 0:00,c#,11126
10/1/2016 0:00,c++,5825
10/1/2016 0:00,delphi,266
10/1/2016 0:00,go,523
10/1/2016 0:00,java,14932
10/1/2016 0:00,javascript,19710
10/1/2016 0:00,perl,391
10/1/2016 0:00,php,11849
10/1/2016 0:00,python,13185
10/1/2016 0:00,r,3721
10/1/2016 0:00,ruby,1769
10/1/2016 0:00,swift,4601
11/1/2016 0:00,assembly,397
11/1/2016 0:00,c,3168
11/1/2016 0:00,c#,11378
11/1/2016 0:00,c++,5921
11/1/2016 0:00,delphi,261
11/1/2016 0:00,go,467
11/1/2016 0:00,java,15216
11/1/2016 0:00,javascript,19824
11/1/2016 0:00,perl,361
11/1/2016 0:00,php,11564
11/1/2016 0:00,python,13840
11/1/2016 0:00,r,3504
11/1/2016 0:00,ruby,1714
11/1/2016 0:00,swift,4241
12/1/2016 0:00,assembly,303
12/1/2016 0:00,c,2676
12/1/2016 0:00,c#,10415
12/1/2016 0:00,c++,5109
12/1/2016 0:00,delphi,236
12/1/2016 0:00,go,487
12/1/2016 0:00,java,13450
12/1/2016 0:00,javascript,19183
12/1/2016 0:00,perl,332
12/1/2016 0:00,php,11112
12/1/2016 0:00,python,12686
12/1/2016 0:00,r,3109
12/1/2016 0:00,ruby,1579
12/1/2016 0:00,swift,3821
1/1/2017 0:00,assembly,295
1/1/2017 0:00,c,2662
1/1/2017 0:00,c#,11387
1/1/2017 0:00,c++,5503
1/1/2017 0:00,delphi,273
1/1/2017 0:00,go,552
1/1/2017 0:00,java,14122
1/1/2017 0:00,javascript,20703
1/1/2017 0:00,perl,316
1/1/2017 0:00,php,12253
1/1/2017 0:00,python,13892
1/1/2017 0:00,r,3424
1/1/2017 0:00,ruby,1747
1/1/2017 0:00,swift,4230
2/1/2017 0:00,assembly,282
2/1/2017 0:00,c,2641
2/1/2017 0:00,c#,11212
2/1/2017 0:00,c++,5047
2/1/2017 0:00,delphi,280
2/1/2017 0:00,go,534
2/1/2017 0:00,java,14166
2/1/2017 0:00,javascript,20545
2/1/2017 0:00,perl,388
2/1/2017 0:00,php,12104
2/1/2017 0:00,python,14370
2/1/2017 0:00,r,3629
2/1/2017 0:00,ruby,1571
2/1/2017 0:00,swift,3966
3/1/2017 0:00,assembly,350
3/1/2017 0:00,c,2860
3/1/2017 0:00,c#,12632
3/1/2017 0:00,c++,6067
3/1/2017 0:00,delphi,290
3/1/2017 0:00,go,630
3/1/2017 0:00,java,16812
3/1/2017 0:00,javascript,22961
3/1/2017 0:00,perl,401
3/1/2017 0:00,php,13497
3/1/2017 0:00,python,16732
3/1/2017 0:00,r,4537
3/1/2017 0:00,ruby,1744
3/1/2017 0:00,swift,4491
4/1/2017 0:00,assembly,302
4/1/2017 0:00,c,2763
4/1/2017 0:00,c#,10799
4/1/2017 0:00,c++,5717
4/1/2017 0:00,delphi,241
4/1/2017 0:00,go,500
4/1/2017 0:00,java,15455
4/1/2017 0:00,javascript,20463
4/1/2017 0:00,perl,363
4/1/2017 0:00,php,11927
4/1/2017 0:00,python,15195
4/1/2017 0:00,r,4202
4/1/2017 0:00,ruby,1456
4/1/2017 0:00,swift,3815
5/1/2017 0:00,assembly,338
5/1/2017 0:00,c,2626
5/1/2017 0:00,c#,11664
5/1/2017 0:00,c++,5140
5/1/2017 0:00,delphi,310
5/1/2017 0:00,go,574
5/1/2017 0:00,java,15871
5/1/2017 0:00,javascript,21647
5/1/2017 0:00,perl,339
5/1/2017 0:00,php,12539
5/1/2017 0:00,python,15766
5/1/2017 0:00,r,4241
5/1/2017 0:00,ruby,1482
5/1/2017 0:00,swift,3997
6/1/2017 0:00,assembly,231
6/1/2017 0:00,c,2240
6/1/2017 0:00,c#,10906
6/1/2017 0:00,c++,4519
6/1/2017 0:00,delphi,241
6/1/2017 0:00,go,561
6/1/2017 0:00,java,14261
6/1/2017 0:00,javascript,20857
6/1/2017 0:00,perl,310
6/1/2017 0:00,php,11317
6/1/2017 0:00,python,15566
6/1/2017 0:00,r,4383
6/1/2017 0:00,ruby,1375
6/1/2017 0:00,swift,4071
7/1/2017 0:00,assembly,212
7/1/2017 0:00,c,1942
7/1/2017 0:00,c#,10855
7/1/2017 0:00,c++,4889
7/1/2017 0:00,delphi,198
7/1/2017 0:00,go,632
7/1/2017 0:00,java,13696
7/1/2017 0:00,javascript,20859
7/1/2017 0:00,perl,317
7/1/2017 0:00,php,11253
7/1/2017 0:00,python,16470
7/1/2017 0:00,r,4493
7/1/2017 0:00,ruby,1481
7/1/2017 0:00,swift,4206
8/1/2017 0:00,assembly,202
8/1/2017 0:00,c,1962
8/1/2017 0:00,c#,10591
8/1/2017 0:00,c++,4654
8/1/2017 0:00,delphi,285
8/1/2017 0:00,go,594
8/1/2017 0:00,java,13318
8/1/2017 0:00,javascript,20504
8/1/2017 0:00,perl,349
8/1/2017 0:00,php,11133
8/1/2017 0:00,python,15989
8/1/2017 0:00,r,4511
8/1/2017 0:00,ruby,1350
8/1/2017 0:00,swift,4038
9/1/2017 0:00,assembly,217
9/1/2017 0:00,c,2033
9/1/2017 0:00,c#,9601
9/1/2017 0:00,c++,4314
9/1/2017 0:00,delphi,250
9/1/2017 0:00,go,533
9/1/2017 0:00,java,12333
9/1/2017 0:00,javascript,18256
9/1/2017 0:00,perl,290
9/1/2017 0:00,php,10232
9/1/2017 0:00,python,14998
9/1/2017 0:00,r,4169
9/1/2017 0:00,ruby,1168
9/1/2017 0:00,swift,3655
10/1/2017 0:00,assembly,319
10/1/2017 0:00,c,2654
10/1/2017 0:00,c#,9902
10/1/2017 0:00,c++,5058
10/1/2017 0:00,delphi,211
10/1/2017 0:00,go,601
10/1/2017 0:00,java,13504
10/1/2017 0:00,javascript,19056
10/1/2017 0:00,perl,320
10/1/2017 0:00,php,10392
10/1/2017 0:00,python,16373
10/1/2017 0:00,r,4471
10/1/2017 0:00,ruby,1262
10/1/2017 0:00,swift,3757
11/1/2017 0:00,assembly,363
11/1/2017 0:00,c,2849
11/1/2017 0:00,c#,9491
11/1/2017 0:00,c++,4905
11/1/2017 0:00,delphi,191
11/1/2017 0:00,go,631
11/1/2017 0:00,java,13749
11/1/2017 0:00,javascript,18780
11/1/2017 0:00,perl,262
11/1/2017 0:00,php,10178
11/1/2017 0:00,python,16378
11/1/2017 0:00,r,4435
11/1/2017 0:00,ruby,1144
11/1/2017 0:00,swift,3501
12/1/2017 0:00,assembly,239
12/1/2017 0:00,c,2119
12/1/2017 0:00,c#,8324
12/1/2017 0:00,c++,4354
12/1/2017 0:00,delphi,175
12/1/2017 0:00,go,496
12/1/2017 0:00,java,11601
12/1/2017 0:00,javascript,16369
12/1/2017 0:00,perl,234
12/1/2017 0:00,php,8738
12/1/2017 0:00,python,14465
12/1/2017 0:00,r,3647
12/1/2017 0:00,ruby,987
12/1/2017 0:00,swift,3103
1/1/2018 0:00,assembly,241
1/1/2018 0:00,c,2133
1/1/2018 0:00,c#,9068
1/1/2018 0:00,c++,4597
1/1/2018 0:00,delphi,183
1/1/2018 0:00,go,518
1/1/2018 0:00,java,12000
1/1/2018 0:00,javascript,18184
1/1/2018 0:00,perl,244
1/1/2018 0:00,php,9711
1/1/2018 0:00,python,15766
1/1/2018 0:00,r,4126
1/1/2018 0:00,ruby,1133
1/1/2018 0:00,swift,3588
2/1/2018 0:00,assembly,271
2/1/2018 0:00,c,2050
2/1/2018 0:00,c#,8320
2/1/2018 0:00,c++,4433
2/1/2018 0:00,delphi,208
2/1/2018 0:00,go,562
2/1/2018 0:00,java,11703
2/1/2018 0:00,javascript,16556
2/1/2018 0:00,perl,228
2/1/2018 0:00,php,8724
2/1/2018 0:00,python,15800
2/1/2018 0:00,r,4434
2/1/2018 0:00,ruby,1003
2/1/2018 0:00,swift,3302
3/1/2018 0:00,assembly,303
3/1/2018 0:00,c,2368
3/1/2018 0:00,c#,9503
3/1/2018 0:00,c++,5010
3/1/2018 0:00,delphi,214
3/1/2018 0:00,go,586
3/1/2018 0:00,java,13206
3/1/2018 0:00,javascript,18431
3/1/2018 0:00,perl,286
3/1/2018 0:00,php,9417
3/1/2018 0:00,python,17408
3/1/2018 0:00,r,5009
3/1/2018 0:00,ruby,1034
3/1/2018 0:00,swift,3923
4/1/2018 0:00,assembly,305
4/1/2018 0:00,c,2100
4/1/2018 0:00,c#,8923
4/1/2018 0:00,c++,4525
4/1/2018 0:00,delphi,198
4/1/2018 0:00,go,602
4/1/2018 0:00,java,13075
4/1/2018 0:00,javascript,17306
4/1/2018 0:00,perl,247
4/1/2018 0:00,php,8501
4/1/2018 0:00,python,16556
4/1/2018 0:00,r,4650
4/1/2018 0:00,ruby,951
4/1/2018 0:00,swift,3406
5/1/2018 0:00,assembly,286
5/1/2018 0:00,c,2271
5/1/2018 0:00,c#,9592
5/1/2018 0:00,c++,4542
5/1/2018 0:00,delphi,186
5/1/2018 0:00,go,616
5/1/2018 0:00,java,13071
5/1/2018 0:00,javascript,17372
5/1/2018 0:00,perl,231
5/1/2018 0:00,php,9019
5/1/2018 0:00,python,17104
5/1/2018 0:00,r,4661
5/1/2018 0:00,ruby,992
5/1/2018 0:00,swift,3504
6/1/2018 0:00,assembly,197
6/1/2018 0:00,c,1778
6/1/2018 0:00,c#,8495
6/1/2018 0:00,c++,3978
6/1/2018 0:00,delphi,182
6/1/2018 0:00,go,659
6/1/2018 0:00,java,11486
6/1/2018 0:00,javascript,16571
6/1/2018 0:00,perl,233
6/1/2018 0:00,php,8053
6/1/2018 0:00,python,16315
6/1/2018 0:00,r,4439
6/1/2018 0:00,ruby,966
6/1/2018 0:00,swift,3036
7/1/2018 0:00,assembly,179
7/1/2018 0:00,c,1532
7/1/2018 0:00,c#,9144
7/1/2018 0:00,c++,3781
7/1/2018 0:00,delphi,200
7/1/2018 0:00,go,667
7/1/2018 0:00,java,11442
7/1/2018 0:00,javascript,17176
7/1/2018 0:00,perl,242
7/1/2018 0:00,php,8165
7/1/2018 0:00,python,17471
7/1/2018 0:00,r,4341
7/1/2018 0:00,ruby,923
7/1/2018 0:00,swift,3495
8/1/2018 0:00,assembly,166
8/1/2018 0:00,c,1610
8/1/2018 0:00,c#,9206
8/1/2018 0:00,c++,3797
8/1/2018 0:00,delphi,196
8/1/2018 0:00,go,688
8/1/2018 0:00,java,11027
8/1/2018 0:00,javascript,17297
8/1/2018 0:00,perl,226
8/1/2018 0:00,php,8182
8/1/2018 0:00,python,17279
8/1/2018 0:00,r,4046
8/1/2018 0:00,ruby,853
8/1/2018 0:00,swift,3425
9/1/2018 0:00,assembly,243
9/1/2018 0:00,c,1770
9/1/2018 0:00,c#,8152
9/1/2018 0:00,c++,3632
9/1/2018 0:00,delphi,176
9/1/2018 0:00,go,651
9/1/2018 0:00,java,10406
9/1/2018 0:00,javascript,15442
9/1/2018 0:00,perl,203
9/1/2018 0:00,php,7385
9/1/2018 0:00,python,15564
9/1/2018 0:00,r,3681
9/1/2018 0:00,ruby,748
9/1/2018 0:00,swift,3042
10/1/2018 0:00,assembly,296
10/1/2018 0:00,c,2336
10/1/2018 0:00,c#,9052
10/1/2018 0:00,c++,4175
10/1/2018 0:00,delphi,215
10/1/2018 0:00,go,749
10/1/2018 0:00,java,12093
10/1/2018 0:00,javascript,16822
10/1/2018 0:00,perl,276
10/1/2018 0:00,php,7762
10/1/2018 0:00,python,17652
10/1/2018 0:00,r,4289
10/1/2018 0:00,ruby,878
10/1/2018 0:00,swift,3152
11/1/2018 0:00,assembly,294
11/1/2018 0:00,c,2395
11/1/2018 0:00,c#,8219
11/1/2018 0:00,c++,4209
11/1/2018 0:00,delphi,177
11/1/2018 0:00,go,695
11/1/2018 0:00,java,11343
11/1/2018 0:00,javascript,15563
11/1/2018 0:00,perl,231
11/1/2018 0:00,php,6762
11/1/2018 0:00,python,17550
11/1/2018 0:00,r,4110
11/1/2018 0:00,ruby,810
11/1/2018 0:00,swift,2870
12/1/2018 0:00,assembly,201
12/1/2018 0:00,c,2104
12/1/2018 0:00,c#,7300
12/1/2018 0:00,c++,3439
12/1/2018 0:00,delphi,165
12/1/2018 0:00,go,631
12/1/2018 0:00,java,10127
12/1/2018 0:00,javascript,13713
12/1/2018 0:00,perl,218
12/1/2018 0:00,php,5939
12/1/2018 0:00,python,15242
12/1/2018 0:00,r,3337
12/1/2018 0:00,ruby,783
12/1/2018 0:00,swift,2691
1/1/2019 0:00,assembly,212
1/1/2019 0:00,c,2174
1/1/2019 0:00,c#,8500
1/1/2019 0:00,c++,3797
1/1/2019 0:00,delphi,203
1/1/2019 0:00,go,645
1/1/2019 0:00,java,10727
1/1/2019 0:00,javascript,15431
1/1/2019 0:00,perl,261
1/1/2019 0:00,php,6877
1/1/2019 0:00,python,16458
1/1/2019 0:00,r,3880
1/1/2019 0:00,ruby,888
1/1/2019 0:00,swift,2799
2/1/2019 0:00,assembly,216
2/1/2019 0:00,c,1971
2/1/2019 0:00,c#,8066
2/1/2019 0:00,c++,3615
2/1/2019 0:00,delphi,185
2/1/2019 0:00,go,615
2/1/2019 0:00,java,10665
2/1/2019 0:00,javascript,15182
2/1/2019 0:00,perl,246
2/1/2019 0:00,php,7039
2/1/2019 0:00,python,17031
2/1/2019 0:00,r,4172
2/1/2019 0:00,ruby,771
2/1/2019 0:00,swift,2585
3/1/2019 0:00,assembly,270
3/1/2019 0:00,c,2295
3/1/2019 0:00,c#,8688
3/1/2019 0:00,c++,4270
3/1/2019 0:00,delphi,182
3/1/2019 0:00,go,712
3/1/2019 0:00,java,11672
3/1/2019 0:00,javascript,16773
3/1/2019 0:00,perl,227
3/1/2019 0:00,php,7506
3/1/2019 0:00,python,19354
3/1/2019 0:00,r,4426
3/1/2019 0:00,ruby,815
3/1/2019 0:00,swift,2829
4/1/2019 0:00,assembly,298
4/1/2019 0:00,c,2344
4/1/2019 0:00,c#,8858
4/1/2019 0:00,c++,4215
4/1/2019 0:00,delphi,203
4/1/2019 0:00,go,638
4/1/2019 0:00,java,10858
4/1/2019 0:00,javascript,15611
4/1/2019 0:00,perl,205
4/1/2019 0:00,php,6922
4/1/2019 0:00,python,19351
4/1/2019 0:00,r,4538
4/1/2019 0:00,ruby,755
4/1/2019 0:00,swift,2945
5/1/2019 0:00,assembly,229
5/1/2019 0:00,c,2011
5/1/2019 0:00,c#,8725
5/1/2019 0:00,c++,3986
5/1/2019 0:00,delphi,166
5/1/2019 0:00,go,663
5/1/2019 0:00,java,10748
5/1/2019 0:00,javascript,15636
5/1/2019 0:00,perl,220
5/1/2019 0:00,php,6679
5/1/2019 0:00,python,18448
5/1/2019 0:00,r,4249
5/1/2019 0:00,ruby,749
5/1/2019 0:00,swift,2977
6/1/2019 0:00,assembly,193
6/1/2019 0:00,c,1670
6/1/2019 0:00,c#,7371
6/1/2019 0:00,c++,3512
6/1/2019 0:00,delphi,133
6/1/2019 0:00,go,516
6/1/2019 0:00,java,9383
6/1/2019 0:00,javascript,14321
6/1/2019 0:00,perl,232
6/1/2019 0:00,php,5771
6/1/2019 0:00,python,16785
6/1/2019 0:00,r,3877
6/1/2019 0:00,ruby,690
6/1/2019 0:00,swift,2943
7/1/2019 0:00,assembly,179
7/1/2019 0:00,c,1672
7/1/2019 0:00,c#,8152
7/1/2019 0:00,c++,4116
7/1/2019 0:00,delphi,162
7/1/2019 0:00,go,617
7/1/2019 0:00,java,10546
7/1/2019 0:00,javascript,15613
7/1/2019 0:00,perl,234
7/1/2019 0:00,php,6432
7/1/2019 0:00,python,19218
7/1/2019 0:00,r,4145
7/1/2019 0:00,ruby,747
7/1/2019 0:00,swift,2935
8/1/2019 0:00,assembly,165
8/1/2019 0:00,c,1494
8/1/2019 0:00,c#,7407
8/1/2019 0:00,c++,3189
8/1/2019 0:00,delphi,171
8/1/2019 0:00,go,622
8/1/2019 0:00,java,8833
8/1/2019 0:00,javascript,14734
8/1/2019 0:00,perl,188
8/1/2019 0:00,php,5625
8/1/2019 0:00,python,17506
8/1/2019 0:00,r,3888
8/1/2019 0:00,ruby,764
8/1/2019 0:00,swift,2463
9/1/2019 0:00,assembly,215
9/1/2019 0:00,c,1859
9/1/2019 0:00,c#,7589
9/1/2019 0:00,c++,3655
9/1/2019 0:00,delphi,143
9/1/2019 0:00,go,608
9/1/2019 0:00,java,9379
9/1/2019 0:00,javascript,14357
9/1/2019 0:00,perl,195
9/1/2019 0:00,php,5402
9/1/2019 0:00,python,16443
9/1/2019 0:00,r,3830
9/1/2019 0:00,ruby,704
9/1/2019 0:00,swift,2491
10/1/2019 0:00,assembly,295
10/1/2019 0:00,c,2372
10/1/2019 0:00,c#,8189
10/1/2019 0:00,c++,4667
10/1/2019 0:00,delphi,153
10/1/2019 0:00,go,622
10/1/2019 0:00,java,10864
10/1/2019 0:00,javascript,15464
10/1/2019 0:00,perl,205
10/1/2019 0:00,php,5855
10/1/2019 0:00,python,19864
10/1/2019 0:00,r,4289
10/1/2019 0:00,ruby,823
10/1/2019 0:00,swift,3011
11/1/2019 0:00,assembly,279
11/1/2019 0:00,c,2390
11/1/2019 0:00,c#,7807
11/1/2019 0:00,c++,4570
11/1/2019 0:00,delphi,167
11/1/2019 0:00,go,588
11/1/2019 0:00,java,10035
11/1/2019 0:00,javascript,15182
11/1/2019 0:00,perl,219
11/1/2019 0:00,php,5887
11/1/2019 0:00,python,19975
11/1/2019 0:00,r,4220
11/1/2019 0:00,ruby,665
11/1/2019 0:00,swift,2731
12/1/2019 0:00,assembly,239
12/1/2019 0:00,c,2052
12/1/2019 0:00,c#,6962
12/1/2019 0:00,c++,4050
12/1/2019 0:00,delphi,125
12/1/2019 0:00,go,601
12/1/2019 0:00,java,8730
12/1/2019 0:00,javascript,13801
12/1/2019 0:00,perl,156
12/1/2019 0:00,php,5052
12/1/2019 0:00,python,17513
12/1/2019 0:00,r,3667
12/1/2019 0:00,ruby,653
12/1/2019 0:00,swift,2553
1/1/2020 0:00,assembly,221
1/1/2020 0:00,c,1987
1/1/2020 0:00,c#,7540
1/1/2020 0:00,c++,4115
1/1/2020 0:00,delphi,161
1/1/2020 0:00,go,631
1/1/2020 0:00,java,9646
1/1/2020 0:00,javascript,15451
1/1/2020 0:00,perl,163
1/1/2020 0:00,php,5694
1/1/2020 0:00,python,19395
1/1/2020 0:00,r,4069
1/1/2020 0:00,ruby,745
1/1/2020 0:00,swift,2801
2/1/2020 0:00,assembly,257
2/1/2020 0:00,c,1878
2/1/2020 0:00,c#,7435
2/1/2020 0:00,c++,3909
2/1/2020 0:00,delphi,153
2/1/2020 0:00,go,637
2/1/2020 0:00,java,9703
2/1/2020 0:00,javascript,15214
2/1/2020 0:00,perl,177
2/1/2020 0:00,php,5442
2/1/2020 0:00,python,19398
2/1/2020 0:00,r,4587
2/1/2020 0:00,ruby,639
2/1/2020 0:00,swift,2671
3/1/2020 0:00,assembly,282
3/1/2020 0:00,c,2378
3/1/2020 0:00,c#,7560
3/1/2020 0:00,c++,4471
3/1/2020 0:00,delphi,162
3/1/2020 0:00,go,640
3/1/2020 0:00,java,10710
3/1/2020 0:00,javascript,16914
3/1/2020 0:00,perl,196
3/1/2020 0:00,php,5439
3/1/2020 0:00,python,21920
3/1/2020 0:00,r,5051
3/1/2020 0:00,ruby,700
3/1/2020 0:00,swift,2831
4/1/2020 0:00,assembly,361
4/1/2020 0:00,c,3056
4/1/2020 0:00,c#,8316
4/1/2020 0:00,c++,5970
4/1/2020 0:00,delphi,221
4/1/2020 0:00,go,780
4/1/2020 0:00,java,12221
4/1/2020 0:00,javascript,20183
4/1/2020 0:00,perl,215
4/1/2020 0:00,php,6416
4/1/2020 0:00,python,26710
4/1/2020 0:00,r,6067
4/1/2020 0:00,ruby,743
4/1/2020 0:00,swift,3331
5/1/2020 0:00,assembly,354
5/1/2020 0:00,c,3211
5/1/2020 0:00,c#,8321
5/1/2020 0:00,c++,6148
5/1/2020 0:00,delphi,199
5/1/2020 0:00,go,740
5/1/2020 0:00,java,11580
5/1/2020 0:00,javascript,20737
5/1/2020 0:00,perl,211
5/1/2020 0:00,php,6301
5/1/2020 0:00,python,28498
5/1/2020 0:00,r,5913
5/1/2020 0:00,ruby,677
5/1/2020 0:00,swift,3357
6/1/2020 0:00,assembly,312
6/1/2020 0:00,c,2436
6/1/2020 0:00,c#,7626
6/1/2020 0:00,c++,5334
6/1/2020 0:00,delphi,198
6/1/2020 0:00,go,692
6/1/2020 0:00,java,10480
6/1/2020 0:00,javascript,19099
6/1/2020 0:00,perl,195
6/1/2020 0:00,php,5709
6/1/2020 0:00,python,26152
6/1/2020 0:00,r,5352
6/1/2020 0:00,ruby,589
6/1/2020 0:00,swift,3035
7/1/2020 0:00,assembly,242
7/1/2020 0:00,c,1977
7/1/2020 0:00,c#,7543
7/1/2020 0:00,c++,4943
7/1/2020 0:00,delphi,183
7/1/2020 0:00,go,636
7/1/2020 0:00,java,10147
7/1/2020 0:00,javascript,19085
7/1/2020 0:00,perl,175
7/1/2020 0:00,php,5722
7/1/2020 0:00,python,25356
7/1/2020 0:00,r,4873
7/1/2020 0:00,ruby,679
7/1/2020 0:00,swift,2917
8/1/2020 0:00,assembly,256
8/1/2020 0:00,c,1806
8/1/2020 0:00,c#,6853
8/1/2020 0:00,c++,4579
8/1/2020 0:00,delphi,176
8/1/2020 0:00,go,694
8/1/2020 0:00,java,9016
8/1/2020 0:00,javascript,17301
8/1/2020 0:00,perl,192
8/1/2020 0:00,php,4819
8/1/2020 0:00,python,22241
8/1/2020 0:00,r,4426
8/1/2020 0:00,ruby,533
8/1/2020 0:00,swift,2617
9/1/2020 0:00,assembly,282
9/1/2020 0:00,c,2031
9/1/2020 0:00,c#,6273
9/1/2020 0:00,c++,3789
9/1/2020 0:00,delphi,171
9/1/2020 0:00,go,718
9/1/2020 0:00,java,8683
9/1/2020 0:00,javascript,16261
9/1/2020 0:00,perl,165
9/1/2020 0:00,php,4570
9/1/2020 0:00,python,20983
9/1/2020 0:00,r,4678
9/1/2020 0:00,ruby,503
9/1/2020 0:00,swift,2504
10/1/2020 0:00,assembly,330
10/1/2020 0:00,c,2273
10/1/2020 0:00,c#,5967
10/1/2020 0:00,c++,4173
10/1/2020 0:00,delphi,177
10/1/2020 0:00,go,584
10/1/2020 0:00,java,8627
10/1/2020 0:00,javascript,15778
10/1/2020 0:00,perl,166
10/1/2020 0:00,php,4419
10/1/2020 0:00,python,21970
10/1/2020 0:00,r,5009
10/1/2020 0:00,ruby,485
10/1/2020 0:00,swift,2274
11/1/2020 0:00,assembly,351
11/1/2020 0:00,c,2560
11/1/2020 0:00,c#,5820
11/1/2020 0:00,c++,4128
11/1/2020 0:00,delphi,188
11/1/2020 0:00,go,517
11/1/2020 0:00,java,8218
11/1/2020 0:00,javascript,14935
11/1/2020 0:00,perl,150
11/1/2020 0:00,php,4443
11/1/2020 0:00,python,21313
11/1/2020 0:00,r,4733
11/1/2020 0:00,ruby,498
11/1/2020 0:00,swift,2106
12/1/2020 0:00,assembly,291
12/1/2020 0:00,c,2555
12/1/2020 0:00,c#,5561
12/1/2020 0:00,c++,4294
12/1/2020 0:00,delphi,187
12/1/2020 0:00,go,523
12/1/2020 0:00,java,7578
12/1/2020 0:00,javascript,15436
12/1/2020 0:00,perl,131
12/1/2020 0:00,php,4624
12/1/2020 0:00,python,21463
12/1/2020 0:00,r,4279
12/1/2020 0:00,ruby,493
12/1/2020 0:00,swift,2042
1/1/2021 0:00,assembly,293
1/1/2021 0:00,c,2458
1/1/2021 0:00,c#,5994
1/1/2021 0:00,c++,3948
1/1/2021 0:00,delphi,196
1/1/2021 0:00,go,549
1/1/2021 0:00,java,7824
1/1/2021 0:00,javascript,16205
1/1/2021 0:00,perl,143
1/1/2021 0:00,php,4601
1/1/2021 0:00,python,22084
1/1/2021 0:00,r,4265
1/1/2021 0:00,ruby,510
1/1/2021 0:00,swift,2258
2/1/2021 0:00,assembly,238
2/1/2021 0:00,c,2139
2/1/2021 0:00,c#,5637
2/1/2021 0:00,c++,3965
2/1/2021 0:00,delphi,185
2/1/2021 0:00,go,559
2/1/2021 0:00,java,7362
2/1/2021 0:00,javascript,14693
2/1/2021 0:00,perl,131
2/1/2021 0:00,php,4213
2/1/2021 0:00,python,20786
2/1/2021 0:00,r,4277
2/1/2021 0:00,ruby,521
2/1/2021 0:00,swift,2215
3/1/2021 0:00,assembly,307
3/1/2021 0:00,c,2370
3/1/2021 0:00,c#,6178
3/1/2021 0:00,c++,4130
3/1/2021 0:00,delphi,250
3/1/2021 0:00,go,746
3/1/2021 0:00,java,8426
3/1/2021 0:00,javascript,16221
3/1/2021 0:00,perl,152
3/1/2021 0:00,php,4592
3/1/2021 0:00,python,23119
3/1/2021 0:00,r,5104
3/1/2021 0:00,ruby,491
3/1/2021 0:00,swift,2331
4/1/2021 0:00,assembly,287
4/1/2021 0:00,c,2196
4/1/2021 0:00,c#,5718
4/1/2021 0:00,c++,3786
4/1/2021 0:00,delphi,162
4/1/2021 0:00,go,615
4/1/2021 0:00,java,7709
4/1/2021 0:00,javascript,15289
4/1/2021 0:00,perl,136
4/1/2021 0:00,php,4155
4/1/2021 0:00,python,21791
4/1/2021 0:00,r,4748
4/1/2021 0:00,ruby,513
4/1/2021 0:00,swift,2053
5/1/2021 0:00,assembly,277
5/1/2021 0:00,c,1986
5/1/2021 0:00,c#,5553
5/1/2021 0:00,c++,4050
5/1/2021 0:00,delphi,157
5/1/2021 0:00,go,630
5/1/2021 0:00,java,7734
5/1/2021 0:00,javascript,15254
5/1/2021 0:00,perl,114
5/1/2021 0:00,php,4126
5/1/2021 0:00,python,21768
5/1/2021 0:00,r,4592
5/1/2021 0:00,ruby,393
5/1/2021 0:00,swift,1808
6/1/2021 0:00,assembly,249
6/1/2021 0:00,c,1791
6/1/2021 0:00,c#,5489
6/1/2021 0:00,c++,3693
6/1/2021 0:00,delphi,122
6/1/2021 0:00,go,599
6/1/2021 0:00,java,7352
6/1/2021 0:00,javascript,14432
6/1/2021 0:00,perl,148
6/1/2021 0:00,php,3917
6/1/2021 0:00,python,20295
6/1/2021 0:00,r,4215
6/1/2021 0:00,ruby,409
6/1/2021 0:00,swift,1754
7/1/2021 0:00,assembly,170
7/1/2021 0:00,c,1554
7/1/2021 0:00,c#,5091
7/1/2021 0:00,c++,3385
7/1/2021 0:00,delphi,138
7/1/2021 0:00,go,594
7/1/2021 0:00,java,6773
7/1/2021 0:00,javascript,14178
7/1/2021 0:00,perl,135
7/1/2021 0:00,php,3730
7/1/2021 0:00,python,20012
7/1/2021 0:00,r,4002
7/1/2021 0:00,ruby,439
7/1/2021 0:00,swift,1924
8/1/2021 0:00,assembly,156
8/1/2021 0:00,c,1480
8/1/2021 0:00,c#,4979
8/1/2021 0:00,c++,3143
8/1/2021 0:00,delphi,134
8/1/2021 0:00,go,725
8/1/2021 0:00,java,6535
8/1/2021 0:00,javascript,14093
8/1/2021 0:00,perl,117
8/1/2021 0:00,php,3754
8/1/2021 0:00,python,19303
8/1/2021 0:00,r,3970
8/1/2021 0:00,ruby,438
8/1/2021 0:00,swift,1820
9/1/2021 0:00,assembly,185
9/1/2021 0:00,c,1645
9/1/2021 0:00,c#,4932
9/1/2021 0:00,c++,3436
9/1/2021 0:00,delphi,130
9/1/2021 0:00,go,602
9/1/2021 0:00,java,6418
9/1/2021 0:00,javascript,13915
9/1/2021 0:00,perl,112
9/1/2021 0:00,php,3618
9/1/2021 0:00,python,18499
9/1/2021 0:00,r,3840
9/1/2021 0:00,ruby,435
9/1/2021 0:00,swift,1570
10/1/2021 0:00,assembly,197
10/1/2021 0:00,c,2005
10/1/2021 0:00,c#,5141
10/1/2021 0:00,c++,3598
10/1/2021 0:00,delphi,141
10/1/2021 0:00,go,687
10/1/2021 0:00,java,6379
10/1/2021 0:00,javascript,13317
10/1/2021 0:00,perl,125
10/1/2021 0:00,php,3477
10/1/2021 0:00,python,19265
10/1/2021 0:00,r,4066
10/1/2021 0:00,ruby,411
10/1/2021 0:00,swift,1517
11/1/2021 0:00,assembly,267
11/1/2021 0:00,c,2117
11/1/2021 0:00,c#,5431
11/1/2021 0:00,c++,3707
11/1/2021 0:00,delphi,138
11/1/2021 0:00,go,638
11/1/2021 0:00,java,6742
11/1/2021 0:00,javascript,13010
11/1/2021 0:00,perl,75
11/1/2021 0:00,php,3379
11/1/2021 0:00,python,19513
11/1/2021 0:00,r,3956
11/1/2021 0:00,ruby,381
11/1/2021 0:00,swift,1476
12/1/2021 0:00,assembly,257
12/1/2021 0:00,c,2028
12/1/2021 0:00,c#,4873
12/1/2021 0:00,c++,3483
12/1/2021 0:00,delphi,141
12/1/2021 0:00,go,709
12/1/2021 0:00,java,6020
12/1/2021 0:00,javascript,12632
12/1/2021 0:00,perl,94
12/1/2021 0:00,php,3119
12/1/2021 0:00,python,18479
12/1/2021 0:00,r,3473
12/1/2021 0:00,ruby,363
12/1/2021 0:00,swift,1392
1/1/2022 0:00,assembly,226
1/1/2022 0:00,c,1853
1/1/2022 0:00,c#,5123
1/1/2022 0:00,c++,3521
1/1/2022 0:00,delphi,131
1/1/2022 0:00,go,729
1/1/2022 0:00,java,6244
1/1/2022 0:00,javascript,13460
1/1/2022 0:00,perl,124
1/1/2022 0:00,php,3266
1/1/2022 0:00,python,19244
1/1/2022 0:00,r,3798
1/1/2022 0:00,ruby,438
1/1/2022 0:00,swift,1697
2/1/2022 0:00,assembly,209
2/1/2022 0:00,c,1593
2/1/2022 0:00,c#,4965
2/1/2022 0:00,c++,3096
2/1/2022 0:00,delphi,163
2/1/2022 0:00,go,635
2/1/2022 0:00,java,5740
2/1/2022 0:00,javascript,12399
2/1/2022 0:00,perl,96
2/1/2022 0:00,php,3021
2/1/2022 0:00,python,18765
2/1/2022 0:00,r,3878
2/1/2022 0:00,ruby,397
2/1/2022 0:00,swift,1532
3/1/2022 0:00,assembly,229
3/1/2022 0:00,c,1877
3/1/2022 0:00,c#,5511
3/1/2022 0:00,c++,3405
3/1/2022 0:00,delphi,119
3/1/2022 0:00,go,752
3/1/2022 0:00,java,6394
3/1/2022 0:00,javascript,13152
3/1/2022 0:00,perl,102
3/1/2022 0:00,php,3054
3/1/2022 0:00,python,20192
3/1/2022 0:00,r,4403
3/1/2022 0:00,ruby,439
3/1/2022 0:00,swift,1688
4/1/2022 0:00,assembly,244
4/1/2022 0:00,c,1675
4/1/2022 0:00,c#,5080
4/1/2022 0:00,c++,3389
4/1/2022 0:00,delphi,113
4/1/2022 0:00,go,694
4/1/2022 0:00,java,6194
4/1/2022 0:00,javascript,13056
4/1/2022 0:00,perl,98
4/1/2022 0:00,php,3104
4/1/2022 0:00,python,19354
4/1/2022 0:00,r,4113
4/1/2022 0:00,ruby,426
4/1/2022 0:00,swift,1409
5/1/2022 0:00,assembly,250
5/1/2022 0:00,c,1707
5/1/2022 0:00,c#,5356
5/1/2022 0:00,c++,3418
5/1/2022 0:00,delphi,118
5/1/2022 0:00,go,599
5/1/2022 0:00,java,6329
5/1/2022 0:00,javascript,12979
5/1/2022 0:00,perl,91
5/1/2022 0:00,php,3295
5/1/2022 0:00,python,18899
5/1/2022 0:00,r,4084
5/1/2022 0:00,ruby,431
5/1/2022 0:00,swift,1416
6/1/2022 0:00,assembly,231
6/1/2022 0:00,c,1504
6/1/2022 0:00,c#,5195
6/1/2022 0:00,c++,3002
6/1/2022 0:00,delphi,110
6/1/2022 0:00,go,673
6/1/2022 0:00,java,5562
6/1/2022 0:00,javascript,12296
6/1/2022 0:00,perl,123
6/1/2022 0:00,php,3128
6/1/2022 0:00,python,18319
6/1/2022 0:00,r,3804
6/1/2022 0:00,ruby,420
6/1/2022 0:00,swift,1486
7/1/2022 0:00,assembly,193
7/1/2022 0:00,c,1341
7/1/2022 0:00,c#,5117
7/1/2022 0:00,c++,2900
7/1/2022 0:00,delphi,115
7/1/2022 0:00,go,676
7/1/2022 0:00,java,5290
7/1/2022 0:00,javascript,12448
7/1/2022 0:00,perl,124
7/1/2022 0:00,php,3009
7/1/2022 0:00,python,18604
7/1/2022 0:00,r,3603
7/1/2022 0:00,ruby,398
7/1/2022 0:00,swift,1428
8/1/2022 0:00,assembly,161
8/1/2022 0:00,c,1391
8/1/2022 0:00,c#,5359
8/1/2022 0:00,c++,2893
8/1/2022 0:00,delphi,115
8/1/2022 0:00,go,775
8/1/2022 0:00,java,5194
8/1/2022 0:00,javascript,12688
8/1/2022 0:00,perl,111
8/1/2022 0:00,php,3043
8/1/2022 0:00,python,18199
8/1/2022 0:00,r,3711
8/1/2022 0:00,ruby,420
8/1/2022 0:00,swift,1447
9/1/2022 0:00,assembly,166
9/1/2022 0:00,c,1498
9/1/2022 0:00,c#,4877
9/1/2022 0:00,c++,2718
9/1/2022 0:00,delphi,131
9/1/2022 0:00,go,778
9/1/2022 0:00,java,4924
9/1/2022 0:00,javascript,11540
9/1/2022 0:00,perl,82
9/1/2022 0:00,php,2768
9/1/2022 0:00,python,16702
9/1/2022 0:00,r,3507
9/1/2022 0:00,ruby,397
9/1/2022 0:00,swift,1457
10/1/2022 0:00,assembly,217
10/1/2022 0:00,c,1833
10/1/2022 0:00,c#,4919
10/1/2022 0:00,c++,2874
10/1/2022 0:00,delphi,136
10/1/2022 0:00,go,669
10/1/2022 0:00,java,5171
10/1/2022 0:00,javascript,11359
10/1/2022 0:00,perl,80
10/1/2022 0:00,php,2725
10/1/2022 0:00,python,18108
10/1/2022 0:00,r,3882
10/1/2022 0:00,ruby,371
10/1/2022 0:00,swift,1302
11/1/2022 0:00,assembly,265
11/1/2022 0:00,c,1938
11/1/2022 0:00,c#,5075
11/1/2022 0:00,c++,2901
11/1/2022 0:00,delphi,107
11/1/2022 0:00,go,682
11/1/2022 0:00,java,5301
11/1/2022 0:00,javascript,11453
11/1/2022 0:00,perl,106
11/1/2022 0:00,php,2730
11/1/2022 0:00,python,18459
11/1/2022 0:00,r,3950
11/1/2022 0:00,ruby,411
11/1/2022 0:00,swift,1403
12/1/2022 0:00,assembly,252
12/1/2022 0:00,c,1677
12/1/2022 0:00,c#,4572
12/1/2022 0:00,c++,2562
12/1/2022 0:00,delphi,79
12/1/2022 0:00,go,592
12/1/2022 0:00,java,4708
12/1/2022 0:00,javascript,10048
12/1/2022 0:00,perl,94
12/1/2022 0:00,php,2309
12/1/2022 0:00,python,15573
12/1/2022 0:00,r,3168
12/1/2022 0:00,ruby,341
12/1/2022 0:00,swift,1194
1/1/2023 0:00,assembly,224
1/1/2023 0:00,c,1400
1/1/2023 0:00,c#,4621
1/1/2023 0:00,c++,2375
1/1/2023 0:00,delphi,107
1/1/2023 0:00,go,682
1/1/2023 0:00,java,4616
1/1/2023 0:00,javascript,9822
1/1/2023 0:00,perl,70
1/1/2023 0:00,php,2471
1/1/2023 0:00,python,14723
1/1/2023 0:00,r,3241
1/1/2023 0:00,ruby,322
1/1/2023 0:00,swift,1177
2/1/2023 0:00,assembly,169
2/1/2023 0:00,c,1191
2/1/2023 0:00,c#,4048
2/1/2023 0:00,c++,2021
2/1/2023 0:00,delphi,120
2/1/2023 0:00,go,617
2/1/2023 0:00,java,4019
2/1/2023 0:00,javascript,8313
2/1/2023 0:00,perl,77
2/1/2023 0:00,php,1981
2/1/2023 0:00,python,12866
2/1/2023 0:00,r,3254
2/1/2023 0:00,ruby,307
2/1/2023 0:00,swift,1034
3/1/2023 0:00,assembly,158
3/1/2023 0:00,c,1150
3/1/2023 0:00,c#,4149
3/1/2023 0:00,c++,2298
3/1/2023 0:00,delphi,118
3/1/2023 0:00,go,591
3/1/2023 0:00,java,4400
3/1/2023 0:00,javascript,8321
3/1/2023 0:00,perl,94
3/1/2023 0:00,php,1856
3/1/2023 0:00,python,12612
3/1/2023 0:00,r,3268
3/1/2023 0:00,ruby,261
3/1/2023 0:00,swift,1113
4/1/2023 0:00,assembly,172
4/1/2023 0:00,c,1077
4/1/2023 0:00,c#,3254
4/1/2023 0:00,c++,1742
4/1/2023 0:00,delphi,111
4/1/2023 0:00,go,476
4/1/2023 0:00,java,3528
4/1/2023 0:00,javascript,6437
4/1/2023 0:00,perl,55
4/1/2023 0:00,php,1572
4/1/2023 0:00,python,9942
4/1/2023 0:00,r,2575
4/1/2023 0:00,ruby,197
4/1/2023 0:00,swift,883
5/1/2023 0:00,assembly,156
5/1/2023 0:00,c,970
5/1/2023 0:00,c#,3190
5/1/2023 0:00,c++,1604
5/1/2023 0:00,delphi,100
5/1/2023 0:00,go,388
5/1/2023 0:00,java,3256
5/1/2023 0:00,javascript,6018
5/1/2023 0:00,perl,52
5/1/2023 0:00,php,1597
5/1/2023 0:00,python,9467
5/1/2023 0:00,r,2352
5/1/2023 0:00,ruby,223
5/1/2023 0:00,swift,797
6/1/2023 0:00,assembly,137
6/1/2023 0:00,c,803
6/1/2023 0:00,c#,3206
6/1/2023 0:00,c++,1616
6/1/2023 0:00,delphi,105
6/1/2023 0:00,go,494
6/1/2023 0:00,java,3273
6/1/2023 0:00,javascript,5794
6/1/2023 0:00,perl,52
6/1/2023 0:00,php,1535
6/1/2023 0:00,python,8994
6/1/2023 0:00,r,2186
6/1/2023 0:00,ruby,189
6/1/2023 0:00,swift,923
7/1/2023 0:00,assembly,146
7/1/2023 0:00,c,826
7/1/2023 0:00,c#,3251
7/1/2023 0:00,c++,1645
7/1/2023 0:00,delphi,91
7/1/2023 0:00,go,488
7/1/2023 0:00,java,3124
7/1/2023 0:00,javascript,5855
7/1/2023 0:00,perl,64
7/1/2023 0:00,php,1423
7/1/2023 0:00,python,8913
7/1/2023 0:00,r,2005
7/1/2023 0:00,ruby,199
7/1/2023 0:00,swift,922
8/1/2023 0:00,assembly,133
8/1/2023 0:00,c,786
8/1/2023 0:00,c#,3057
8/1/2023 0:00,c++,1497
8/1/2023 0:00,delphi,94
8/1/2023 0:00,go,456
8/1/2023 0:00,java,3022
8/1/2023 0:00,javascript,5177
8/1/2023 0:00,perl,48
8/1/2023 0:00,php,1491
8/1/2023 0:00,python,8199
8/1/2023 0:00,r,1987
8/1/2023 0:00,ruby,173
8/1/2023 0:00,swift,768
9/1/2023 0:00,assembly,136
9/1/2023 0:00,c,813
9/1/2023 0:00,c#,2647
9/1/2023 0:00,c++,1370
9/1/2023 0:00,delphi,97
9/1/2023 0:00,go,398
9/1/2023 0:00,java,2644
9/1/2023 0:00,javascript,4454
9/1/2023 0:00,perl,58
9/1/2023 0:00,php,1379
9/1/2023 0:00,python,6952
9/1/2023 0:00,r,1735
9/1/2023 0:00,ruby,165
9/1/2023 0:00,swift,709
10/1/2023 0:00,assembly,158
10/1/2023 0:00,c,877
10/1/2023 0:00,c#,2605
10/1/2023 0:00,c++,1536
10/1/2023 0:00,delphi,143
10/1/2023 0:00,go,394
10/1/2023 0:00,java,2634
10/1/2023 0:00,javascript,4133
10/1/2023 0:00,perl,53
10/1/2023 0:00,php,1207
10/1/2023 0:00,python,7097
10/1/2023 0:00,r,1715
10/1/2023 0:00,ruby,163
10/1/2023 0:00,swift,724
11/1/2023 0:00,assembly,158
11/1/2023 0:00,c,881
11/1/2023 0:00,c#,2608
11/1/2023 0:00,c++,1318
11/1/2023 0:00,delphi,96
11/1/2023 0:00,go,378
11/1/2023 0:00,java,2565
11/1/2023 0:00,javascript,3970
11/1/2023 0:00,perl,44
11/1/2023 0:00,php,1186
11/1/2023 0:00,python,6712
11/1/2023 0:00,r,1650
11/1/2023 0:00,ruby,131
11/1/2023 0:00,swift,698
12/1/2023 0:00,assembly,168
12/1/2023 0:00,c,807
12/1/2023 0:00,c#,2263
12/1/2023 0:00,c++,1293
12/1/2023 0:00,delphi,69
12/1/2023 0:00,go,313
12/1/2023 0:00,java,2050
12/1/2023 0:00,javascript,3710
12/1/2023 0:00,perl,53
12/1/2023 0:00,php,990
12/1/2023 0:00,python,5671
12/1/2023 0:00,r,1356
12/1/2023 0:00,ruby,133
12/1/2023 0:00,swift,607
1/1/2024 0:00,assembly,173
1/1/2024 0:00,c,807
1/1/2024 0:00,c#,2624
1/1/2024 0:00,c++,1544
1/1/2024 0:00,delphi,84
1/1/2024 0:00,go,338
1/1/2024 0:00,java,2815
1/1/2024 0:00,javascript,4977
1/1/2024 0:00,perl,33
1/1/2024 0:00,php,1363
1/1/2024 0:00,python,7579
1/1/2024 0:00,r,1784
1/1/2024 0:00,ruby,160
1/1/2024 0:00,swift,851
2/1/2024 0:00,assembly,130
2/1/2024 0:00,c,753
2/1/2024 0:00,c#,2651
2/1/2024 0:00,c++,1414
2/1/2024 0:00,delphi,108
2/1/2024 0:00,go,304
2/1/2024 0:00,java,2714
2/1/2024 0:00,javascript,4621
2/1/2024 0:00,perl,36
2/1/2024 0:00,php,1281
2/1/2024 0:00,python,7679
2/1/2024 0:00,r,1812
2/1/2024 0:00,ruby,156
2/1/2024 0:00,swift,650
3/1/2024 0:00,assembly,138
3/1/2024 0:00,c,726
3/1/2024 0:00,c#,2553
3/1/2024 0:00,c++,1311
3/1/2024 0:00,delphi,96
3/1/2024 0:00,go,320
3/1/2024 0:00,java,2769
3/1/2024 0:00,javascript,4617
3/1/2024 0:00,perl,47
3/1/2024 0:00,php,1344
3/1/2024 0:00,python,7264
3/1/2024 0:00,r,1675
3/1/2024 0:00,ruby,137
3/1/2024 0:00,swift,708
4/1/2024 0:00,assembly,182
4/1/2024 0:00,c,731
4/1/2024 0:00,c#,2682
4/1/2024 0:00,c++,1288
4/1/2024 0:00,delphi,104
4/1/2024 0:00,go,300
4/1/2024 0:00,java,2523
4/1/2024 0:00,javascript,4164
4/1/2024 0:00,perl,25
4/1/2024 0:00,php,1173
4/1/2024 0:00,python,7238
4/1/2024 0:00,r,1526
4/1/2024 0:00,ruby,113
4/1/2024 0:00,swift,676
5/1/2024 0:00,assembly,178
5/1/2024 0:00,c,653
5/1/2024 0:00,c#,2445
5/1/2024 0:00,c++,1403
5/1/2024 0:00,delphi,101
5/1/2024 0:00,go,266
5/1/2024 0:00,java,2226
5/1/2024 0:00,javascript,3910
5/1/2024 0:00,perl,37
5/1/2024 0:00,php,1133
5/1/2024 0:00,python,6792
5/1/2024 0:00,r,1363
5/1/2024 0:00,ruby,116
5/1/2024 0:00,swift,605
6/1/2024 0:00,assembly,84
6/1/2024 0:00,c,528
6/1/2024 0:00,c#,1915
6/1/2024 0:00,c++,1053
6/1/2024 0:00,delphi,67
6/1/2024 0:00,go,222
6/1/2024 0:00,java,1656
6/1/2024 0:00,javascript,2902
6/1/2024 0:00,perl,29
6/1/2024 0:00,php,936
6/1/2024 0:00,python,4984
6/1/2024 0:00,r,1080
6/1/2024 0:00,ruby,108
6/1/2024 0:00,swift,565
7/1/2024 0:00,assembly,90
7/1/2024 0:00,c,555
7/1/2024 0:00,c#,2073
7/1/2024 0:00,c++,1112
7/1/2024 0:00,delphi,52
7/1/2024 0:00,go,249
7/1/2024 0:00,java,1524
7/1/2024 0:00,javascript,2857
7/1/2024 0:00,perl,34
7/1/2024 0:00,php,859
7/1/2024 0:00,python,5195
7/1/2024 0:00,r,1051
7/1/2024 0:00,ruby,93
7/1/2024 0:00,swift,568
8/1/2024 0:00,assembly,112
8/1/2024 0:00,c,479
8/1/2024 0:00,c#,1815
8/1/2024 0:00,c++,1011
8/1/2024 0:00,delphi,83
8/1/2024 0:00,go,208
8/1/2024 0:00,java,1194
8/1/2024 0:00,javascript,2448
8/1/2024 0:00,perl,37
8/1/2024 0:00,php,786
8/1/2024 0:00,python,4458
8/1/2024 0:00,r,877
8/1/2024 0:00,ruby,103
8/1/2024 0:00,swift,537
9/1/2024 0:00,assembly,86
9/1/2024 0:00,c,444
9/1/2024 0:00,c#,1557
9/1/2024 0:00,c++,980
9/1/2024 0:00,delphi,67
9/1/2024 0:00,go,153
9/1/2024 0:00,java,1269
9/1/2024 0:00,javascript,2158
9/1/2024 0:00,perl,26
9/1/2024 0:00,php,601
9/1/2024 0:00,python,3681
9/1/2024 0:00,r,744
9/1/2024 0:00,ruby,82
9/1/2024 0:00,swift,504
10/1/2024 0:00,assembly,89
10/1/2024 0:00,c,464
10/1/2024 0:00,c#,1591
10/1/2024 0:00,c++,918
10/1/2024 0:00,delphi,86
10/1/2024 0:00,go,177
10/1/2024 0:00,java,1517
10/1/2024 0:00,javascript,1877
10/1/2024 0:00,perl,21
10/1/2024 0:00,php,648
10/1/2024 0:00,python,3482
10/1/2024 0:00,r,779
10/1/2024 0:00,ruby,63
10/1/2024 0:00,swift,454
11/1/2024 0:00,assembly,100
11/1/2024 0:00,c,402
11/1/2024 0:00,c#,1369
11/1/2024 0:00,c++,864
11/1/2024 0:00,delphi,56
11/1/2024 0:00,go,126
11/1/2024 0:00,java,1282
11/1/2024 0:00,javascript,1660
11/1/2024 0:00,perl,20
11/1/2024 0:00,php,543
11/1/2024 0:00,python,3189
11/1/2024 0:00,r,703
11/1/2024 0:00,ruby,75
11/1/2024 0:00,swift,398
